,original_text,original_sentiment,original_neg_score,original_pos_score,insert_text,insert_sentiment,insert_neg_score,insert_pos_score,res_text,res_sentiment,res_neg_score,res_pos_score,index,sent_id,insert_id,group_no,CARDINAL,CARDINAL_text,DATE,DATE_text,EVENT,EVENT_text,FAC,FAC_text,GPE,GPE_text,LANGUAGE,LANGUAGE_text,LAW,LAW_text,LOC,LOC_text,MONEY,MONEY_text,NORP,NORP_text,ORDINAL,ORDINAL_text,ORG,ORG_text,PERCENT,PERCENT_text,PERSON,PERSON_text,PRODUCT,PRODUCT_text,QUANTITY,QUANTITY_text,TIME,TIME_text,WORK_OF_ART,WORK_OF_ART_text
0,Moore's performance impresses about .,1,0.0008336305618286,0.9991663694381714,as often as her work with haynes in 1995 's safe,1,0.0968671441078186,0.9031328558921814,Moor's performance impresses about as often as her work with haynes in 1995 's safe .,0,0.9536956548690796,0.0463043451309204,258,13,t1,121,0,blank,1,1995,0,blank,0,blank,0,blank,0,blank,0,blank,0,blank,0,blank,0,blank,0,blank,0,blank,0,blank,0,blank,0,blank,0,blank,0,blank,0,blank
1,Moore's performance impresses about .,1,0.0008336305618286,0.9991663694381714,as lots as her work with haynes in 1995 's safe,1,0.0940980911254882,0.9059019088745116,Moor's performance impresses about as lots as her work with haynes in 1995 's safe .,0,0.9605445265769958,0.0394554734230041,259,13,t1,121,0,blank,1,1995,0,blank,0,blank,0,blank,0,blank,0,blank,0,blank,0,blank,0,blank,0,blank,0,blank,0,blank,0,blank,0,blank,0,blank,0,blank,0,blank
2,Moore's performance impresses about .,1,0.0008336305618286,0.9991663694381714,as practically as her work with haynes in 1995 's safe,1,0.1176637411117554,0.8823362588882446,Moor's performance impresses about as practically as her work with haynes in 1995 's safe .,0,0.965334951877594,0.034665048122406,260,13,t1,121,0,blank,1,1995,0,blank,0,blank,0,blank,0,blank,0,blank,0,blank,0,blank,0,blank,0,blank,0,blank,0,blank,0,blank,0,blank,0,blank,0,blank,0,blank
3,Moore's performance impresses about .,1,0.0008336305618286,0.9991663694381714,as much as her work with haynes in 1995 's secure,1,0.0869341492652893,0.9130658507347108,Moor's performance impresses about as much as her work with haynes in 1995 's secure .,0,0.9643372893333436,0.0356627106666564,261,13,t1,121,0,blank,1,1995,0,blank,0,blank,0,blank,0,blank,0,blank,0,blank,0,blank,0,blank,0,blank,0,blank,0,blank,0,blank,0,blank,0,blank,0,blank,0,blank
4,Moore's performance impresses about .,1,0.0008336305618286,0.9991663694381714,as much as her work with haynes in 1995 's good,1,0.0182468891143798,0.98175311088562,Moor's performance impresses about as much as her work with haynes in 1995 's good .,0,0.9527099132537842,0.0472900867462158,262,13,t1,121,0,blank,1,1995,0,blank,0,blank,0,blank,0,blank,0,blank,0,blank,0,blank,0,blank,0,blank,0,blank,0,blank,0,blank,0,blank,0,blank,0,blank,0,blank
5,Benefits from a solid performance from zhao .,1,0.0005751848220825,0.9994248151779176,but it 's dong jie 's cheek,1,0.4309589266777039,0.5690410733222961,"Benefits from a solid performance from zhao , but i's dong jie 's cheek .",1,0.116168737411499,0.883831262588501,4940,125,t2,1195,0,blank,0,blank,0,blank,0,blank,0,blank,0,blank,0,blank,0,blank,0,blank,0,blank,0,blank,0,blank,0,blank,1,dong jie 's,0,blank,0,blank,0,blank,0,blank
6,Benefits from a hard performance from zhao .,1,0.0038642287254333,0.9961357712745668,but it 's dong jie 's cheek,1,0.4309589266777039,0.5690410733222961,"Benefits from a hard performance from zhao , but i's dong jie 's cheek .",1,0.2199702262878418,0.7800297737121582,4942,125,t2,1196,0,blank,0,blank,0,blank,0,blank,0,blank,0,blank,0,blank,0,blank,0,blank,0,blank,0,blank,0,blank,0,blank,1,dong jie 's,0,blank,0,blank,0,blank,0,blank
7,Benefits from a substantial performance from zhao .,1,0.0010830163955688,0.9989169836044312,but it 's dong jie 's cheek,1,0.4309589266777039,0.5690410733222961,"Benefits from a substantial performance from zhao , but i's dong jie 's cheek .",1,0.2111753821372986,0.7888246178627014,4946,125,t2,1198,0,blank,0,blank,0,blank,0,blank,0,blank,0,blank,0,blank,0,blank,0,blank,0,blank,0,blank,0,blank,0,blank,1,dong jie 's,0,blank,0,blank,0,blank,0,blank
8,"One minute , you remember you're watching a serious actioner ; the next , it's as though clips .",0,0.6377450823783875,0.3622549176216125,from the pink cougar strikes again and/or sailor moon,1,0.1016621589660645,0.8983378410339355,"One minute , you remember you're watching a serious actioner ; the next , it's as though clips from the pink cougar strikes again and/or sailor moon .",0,0.833381175994873,0.166618824005127,10846,259,t1,2842,0,blank,0,blank,0,blank,0,blank,0,blank,0,blank,0,blank,0,blank,0,blank,0,blank,0,blank,0,blank,0,blank,1,moon,0,blank,0,blank,0,blank,0,blank
9,"One minute , you remember you're watching a serious actioner ; the next , it's as though clips .",0,0.6377450823783875,0.3622549176216125,from the pink puma strikes again and/or sailor moon,1,0.0666759610176086,0.9333240389823914,"One minute , you remember you're watching a serious actioner ; the next , it's as though clips from the pink puma strikes again and/or sailor moon .",0,0.7741148471832275,0.2258851528167725,10847,259,t1,2842,0,blank,0,blank,0,blank,0,blank,0,blank,0,blank,0,blank,0,blank,0,blank,0,blank,0,blank,0,blank,0,blank,1,moon,0,blank,0,blank,0,blank,0,blank
10,"One minute , you remember you're watching a serious actioner ; the next , it's as though clips .",0,0.6377450823783875,0.3622549176216125,from the pink panther ten-strikes again and/or sailor moon,1,0.1640135049819946,0.8359864950180054,"One minute , you remember you're watching a serious actioner ; the next , it's as though clips from the pink panther ten-strikes again and/or sailor moon .",0,0.913057506084442,0.0869424939155578,10848,259,t1,2842,1,blank,0,blank,0,blank,0,blank,0,blank,0,blank,0,blank,0,blank,0,blank,0,blank,0,blank,0,blank,0,blank,1,moon,0,blank,0,blank,0,blank,0,blank
11,"One minute , you remember you're watching a serious actioner ; the next , it's as though clips .",0,0.6377450823783875,0.3622549176216125,from the pink panther hits again and/or sailor moon,1,0.0809569954872131,0.9190430045127868,"One minute , you remember you're watching a serious actioner ; the next , it's as though clips from the pink panther hits again and/or sailor moon .",0,0.9231560230255128,0.0768439769744873,10849,259,t1,2842,0,blank,0,blank,0,blank,0,blank,0,blank,0,blank,0,blank,0,blank,0,blank,0,blank,0,blank,0,blank,0,blank,1,moon,0,blank,0,blank,0,blank,0,blank
12,tourists might want to consider a different destination .,0,0.733852744102478,0.266147255897522,If this is the danish thought,1,0.2393518090248108,0.7606481909751892,"If this is the danish thought , tourists might want to consider a different destination .",0,0.9737532734870912,0.0262467265129089,16086,412,t0,4841,0,blank,0,blank,0,blank,0,blank,0,blank,0,blank,0,blank,0,blank,0,blank,1,danish,0,blank,0,blank,0,blank,0,blank,0,blank,0,blank,0,blank,0,blank
13,tourists might want to consider a different destination .,0,0.733852744102478,0.266147255897522,If this is the danish mind,1,0.135383129119873,0.864616870880127,"If this is the danish mind , tourists might want to consider a different destination .",0,0.9700567126274108,0.0299432873725891,16087,412,t0,4841,0,blank,0,blank,0,blank,0,blank,0,blank,0,blank,0,blank,0,blank,0,blank,1,danish,0,blank,0,blank,0,blank,0,blank,0,blank,0,blank,0,blank,0,blank
14,"Somewhere short of tremors on the Modern b-scene : neither as funny nor as clever , though an enjoyably unpretentious way .",0,0.520186722278595,0.479813277721405,to expend ninety minutes,0,0.9205330610275269,0.0794669389724731,"Somewhere short of tremors on the Modern b-scene : neither as funny nor as clever , though an enjoyably unpretentious way to expend ninety minutes .",1,0.1965489983558655,0.8034510016441345,16736,432,t3,4959,0,blank,0,blank,0,blank,0,blank,0,blank,0,blank,0,blank,0,blank,0,blank,0,blank,0,blank,0,blank,0,blank,0,blank,0,blank,0,blank,1,ninety minutes,0,blank
15,"Somewhere short of tremors on the Modern b-scene : neither as funny nor as clever , though an enjoyably unpretentious way .",0,0.520186722278595,0.479813277721405,to spend ninety mins,0,0.7560752630233765,0.2439247369766235,"Somewhere short of tremors on the Modern b-scene : neither as funny nor as clever , though an enjoyably unpretentious way to spend ninety mins .",1,0.0799273252487182,0.9200726747512816,16737,432,t3,4959,0,blank,0,blank,0,blank,0,blank,0,blank,0,blank,0,blank,0,blank,0,blank,0,blank,0,blank,0,blank,0,blank,0,blank,0,blank,0,blank,1,ninety mins,0,blank
16,"Somewhere short of tremors on the Modern b-scene : neither as funny nor as clever , though an enjoyably unpretentious way .",0,0.520186722278595,0.479813277721405,to spend ninety hours,0,0.8463172912597656,0.1536827087402344,"Somewhere short of tremors on the Modern b-scene : neither as funny nor as clever , though an enjoyably unpretentious way to spend ninety hours .",1,0.0870603322982788,0.9129396677017212,16738,432,t3,4959,0,blank,0,blank,0,blank,0,blank,0,blank,0,blank,0,blank,0,blank,0,blank,0,blank,0,blank,0,blank,0,blank,0,blank,0,blank,0,blank,1,ninety hours,0,blank
17,"Somewhere short of tremors on the Modern b-scene : neither as funny nor as clever , though an enjoyably unpretentious way .",0,0.520186722278595,0.479813277721405,to spend ninety seconds,0,0.8554671406745911,0.1445328593254089,"Somewhere short of tremors on the Modern b-scene : neither as funny nor as clever , though an enjoyably unpretentious way to spend ninety seconds .",1,0.2107078433036804,0.7892921566963196,16739,432,t3,4959,0,blank,0,blank,0,blank,0,blank,0,blank,0,blank,0,blank,0,blank,0,blank,0,blank,0,blank,0,blank,0,blank,0,blank,0,blank,0,blank,1,ninety seconds,0,blank
18,"Somewhere short of tremors on the Modern b-scene : neither as funny nor as clever , though an pleasantly unpretentious way .",0,0.854580283164978,0.145419716835022,to expend ninety minutes,0,0.9205330610275269,0.0794669389724731,"Somewhere short of tremors on the Modern b-scene : neither as funny nor as clever , though an pleasantly unpretentious way to expend ninety minutes .",0,0.5336796045303345,0.4663203954696655,16740,432,t3,4960,0,blank,0,blank,0,blank,0,blank,0,blank,0,blank,0,blank,0,blank,0,blank,0,blank,0,blank,0,blank,0,blank,0,blank,0,blank,0,blank,1,ninety minutes,0,blank
19,"Somewhere short of tremors on the Modern b-scene : neither as funny nor as clever , though an pleasantly unpretentious way .",0,0.854580283164978,0.145419716835022,to spend ninety mins,0,0.7560752630233765,0.2439247369766235,"Somewhere short of tremors on the Modern b-scene : neither as funny nor as clever , though an pleasantly unpretentious way to spend ninety mins .",1,0.2802444100379944,0.7197555899620056,16741,432,t3,4960,0,blank,0,blank,0,blank,0,blank,0,blank,0,blank,0,blank,0,blank,0,blank,0,blank,0,blank,0,blank,0,blank,0,blank,0,blank,0,blank,1,ninety mins,0,blank
20,"Somewhere short of tremors on the Modern b-scene : neither as funny nor as clever , though an pleasantly unpretentious way .",0,0.854580283164978,0.145419716835022,to spend ninety hours,0,0.8463172912597656,0.1536827087402344,"Somewhere short of tremors on the Modern b-scene : neither as funny nor as clever , though an pleasantly unpretentious way to spend ninety hours .",1,0.3271442055702209,0.672855794429779,16742,432,t3,4960,0,blank,0,blank,0,blank,0,blank,0,blank,0,blank,0,blank,0,blank,0,blank,0,blank,0,blank,0,blank,0,blank,0,blank,0,blank,0,blank,1,ninety hours,0,blank
21,"Somewhere short of tremors on the Modern b-scene : neither as funny nor as clever , though an pleasantly unpretentious way .",0,0.854580283164978,0.145419716835022,to spend ninety seconds,0,0.8554671406745911,0.1445328593254089,"Somewhere short of tremors on the Modern b-scene : neither as funny nor as clever , though an pleasantly unpretentious way to spend ninety seconds .",0,0.6532273292541504,0.3467726707458496,16743,432,t3,4960,0,blank,0,blank,0,blank,0,blank,0,blank,0,blank,0,blank,0,blank,0,blank,0,blank,0,blank,0,blank,0,blank,0,blank,0,blank,0,blank,1,ninety seconds,0,blank
22,"Somewhere short of tremors on the Modern b-scene : neither as funny nor as clever , though an agreeably understated way .",0,0.956259787082672,0.0437402129173278,to spend ninety mins,0,0.7560752630233765,0.2439247369766235,"Somewhere short of tremors on the Modern b-scene : neither as funny nor as clever , though an agreeably understated way to spend ninety mins .",0,0.681487500667572,0.318512499332428,16745,432,t3,4961,0,blank,0,blank,0,blank,0,blank,0,blank,0,blank,0,blank,0,blank,0,blank,0,blank,0,blank,0,blank,0,blank,0,blank,0,blank,0,blank,1,ninety mins,0,blank
23,"Somewhere short of tremors on the Modern b-scene : neither as funny nor as clever , though an agreeably understated way .",0,0.956259787082672,0.0437402129173278,to spend ninety hours,0,0.8463172912597656,0.1536827087402344,"Somewhere short of tremors on the Modern b-scene : neither as funny nor as clever , though an agreeably understated way to spend ninety hours .",0,0.721397340297699,0.278602659702301,16746,432,t3,4961,0,blank,0,blank,0,blank,0,blank,0,blank,0,blank,0,blank,0,blank,0,blank,0,blank,0,blank,0,blank,0,blank,0,blank,0,blank,0,blank,1,ninety hours,0,blank
24,"Somewhere short of tremors on the innovative b-scene : neither as funny nor as clever , though an enjoyably unpretentious way .",0,0.5481873154640198,0.4518126845359802,to expend ninety minutes,0,0.9205330610275269,0.0794669389724731,"Somewhere short of tremors on the innovative b-scene : neither as funny nor as clever , though an enjoyably unpretentious way to expend ninety minutes .",1,0.235093891620636,0.764906108379364,16764,432,t3,4966,0,blank,0,blank,0,blank,0,blank,0,blank,0,blank,0,blank,0,blank,0,blank,0,blank,0,blank,0,blank,0,blank,0,blank,0,blank,0,blank,1,ninety minutes,0,blank
25,"Somewhere short of tremors on the innovative b-scene : neither as funny nor as clever , though an enjoyably unpretentious way .",0,0.5481873154640198,0.4518126845359802,to spend ninety mins,0,0.7560752630233765,0.2439247369766235,"Somewhere short of tremors on the innovative b-scene : neither as funny nor as clever , though an enjoyably unpretentious way to spend ninety mins .",1,0.0940593481063842,0.9059406518936156,16765,432,t3,4966,0,blank,0,blank,0,blank,0,blank,0,blank,0,blank,0,blank,0,blank,0,blank,0,blank,0,blank,0,blank,0,blank,0,blank,0,blank,0,blank,1,ninety mins,0,blank
26,"Somewhere short of tremors on the innovative b-scene : neither as funny nor as clever , though an enjoyably unpretentious way .",0,0.5481873154640198,0.4518126845359802,to spend ninety hours,0,0.8463172912597656,0.1536827087402344,"Somewhere short of tremors on the innovative b-scene : neither as funny nor as clever , though an enjoyably unpretentious way to spend ninety hours .",1,0.1034969091415405,0.8965030908584595,16766,432,t3,4966,0,blank,0,blank,0,blank,0,blank,0,blank,0,blank,0,blank,0,blank,0,blank,0,blank,0,blank,0,blank,0,blank,0,blank,0,blank,0,blank,1,ninety hours,0,blank
27,"Somewhere short of tremors on the innovative b-scene : neither as funny nor as clever , though an enjoyably unpretentious way .",0,0.5481873154640198,0.4518126845359802,to spend ninety seconds,0,0.8554671406745911,0.1445328593254089,"Somewhere short of tremors on the innovative b-scene : neither as funny nor as clever , though an enjoyably unpretentious way to spend ninety seconds .",1,0.242570698261261,0.757429301738739,16767,432,t3,4966,0,blank,0,blank,0,blank,0,blank,0,blank,0,blank,0,blank,0,blank,0,blank,0,blank,0,blank,0,blank,0,blank,0,blank,0,blank,0,blank,1,ninety seconds,0,blank
28,"Somewhere short of tremors on the innovative b-scene : neither as funny nor as clever , though an pleasantly unpretentious way .",0,0.8764551877975464,0.1235448122024536,to expend ninety minutes,0,0.9205330610275269,0.0794669389724731,"Somewhere short of tremors on the innovative b-scene : neither as funny nor as clever , though an pleasantly unpretentious way to expend ninety minutes .",0,0.6245760321617126,0.3754239678382874,16768,432,t3,4967,0,blank,0,blank,0,blank,0,blank,0,blank,0,blank,0,blank,0,blank,0,blank,0,blank,0,blank,0,blank,0,blank,0,blank,0,blank,0,blank,1,ninety minutes,0,blank
29,"Somewhere short of tremors on the innovative b-scene : neither as funny nor as clever , though an pleasantly unpretentious way .",0,0.8764551877975464,0.1235448122024536,to spend ninety mins,0,0.7560752630233765,0.2439247369766235,"Somewhere short of tremors on the innovative b-scene : neither as funny nor as clever , though an pleasantly unpretentious way to spend ninety mins .",1,0.3609455823898315,0.6390544176101685,16769,432,t3,4967,0,blank,0,blank,0,blank,0,blank,0,blank,0,blank,0,blank,0,blank,0,blank,0,blank,0,blank,0,blank,0,blank,0,blank,0,blank,0,blank,1,ninety mins,0,blank
30,"Somewhere short of tremors on the innovative b-scene : neither as funny nor as clever , though an pleasantly unpretentious way .",0,0.8764551877975464,0.1235448122024536,to spend ninety hours,0,0.8463172912597656,0.1536827087402344,"Somewhere short of tremors on the innovative b-scene : neither as funny nor as clever , though an pleasantly unpretentious way to spend ninety hours .",1,0.4000853896141052,0.5999146103858948,16770,432,t3,4967,0,blank,0,blank,0,blank,0,blank,0,blank,0,blank,0,blank,0,blank,0,blank,0,blank,0,blank,0,blank,0,blank,0,blank,0,blank,0,blank,1,ninety hours,0,blank
31,"Somewhere short of tremors on the innovative b-scene : neither as funny nor as clever , though an pleasantly unpretentious way .",0,0.8764551877975464,0.1235448122024536,to spend ninety seconds,0,0.8554671406745911,0.1445328593254089,"Somewhere short of tremors on the innovative b-scene : neither as funny nor as clever , though an pleasantly unpretentious way to spend ninety seconds .",0,0.7131031155586243,0.2868968844413757,16771,432,t3,4967,0,blank,0,blank,0,blank,0,blank,0,blank,0,blank,0,blank,0,blank,0,blank,0,blank,0,blank,0,blank,0,blank,0,blank,0,blank,0,blank,1,ninety seconds,0,blank
32,"Somewhere short of tremors on the innovative b-scene : neither as funny nor as clever , though an agreeably understated way .",0,0.9604525566101074,0.0395474433898925,to spend ninety mins,0,0.7560752630233765,0.2439247369766235,"Somewhere short of tremors on the innovative b-scene : neither as funny nor as clever , though an agreeably understated way to spend ninety mins .",0,0.7563919425010681,0.2436080574989319,16773,432,t3,4968,0,blank,0,blank,0,blank,0,blank,0,blank,0,blank,0,blank,0,blank,0,blank,0,blank,0,blank,0,blank,0,blank,0,blank,0,blank,0,blank,1,ninety mins,0,blank
33,"Somewhere short of tremors on the innovative b-scene : neither as funny nor as clever , though an agreeably understated way .",0,0.9604525566101074,0.0395474433898925,to spend ninety hours,0,0.8463172912597656,0.1536827087402344,"Somewhere short of tremors on the innovative b-scene : neither as funny nor as clever , though an agreeably understated way to spend ninety hours .",0,0.7773935198783875,0.2226064801216125,16774,432,t3,4968,0,blank,0,blank,0,blank,0,blank,0,blank,0,blank,0,blank,0,blank,0,blank,0,blank,0,blank,0,blank,0,blank,0,blank,0,blank,0,blank,1,ninety hours,0,blank
34,Even legends like alfred hitchcock and john huston occasionally directed trifles ... .,0,0.9125662446022034,0.0874337553977966,so it 's no surprise to look a world-class filmmaker like zhang yimou,0,0.8420664072036743,0.1579335927963257,Even legends like alfred hitchcock and john huston occasionally directed trifles ... so it's no surprise to look a world-class filmmaker like zhang yimou .,1,0.149570643901825,0.850429356098175,19436,558,t3,5801,0,blank,0,blank,0,blank,0,blank,0,blank,0,blank,0,blank,0,blank,0,blank,0,blank,0,blank,0,blank,0,blank,1,zhang yimou,0,blank,0,blank,0,blank,0,blank
35,Even legends like alfred hitchcock and john huston occasionally directed trifles ... .,0,0.9125662446022034,0.0874337553977966,so it 's no surprise to understand a world-class filmmaker like zhang yimou,0,0.9215475916862488,0.0784524083137512,Even legends like alfred hitchcock and john huston occasionally directed trifles ... so it's no surprise to understand a world-class filmmaker like zhang yimou .,0,0.6113523840904236,0.3886476159095764,19438,558,t3,5801,0,blank,0,blank,0,blank,0,blank,0,blank,0,blank,0,blank,0,blank,0,blank,0,blank,0,blank,0,blank,0,blank,1,zhang yimou,0,blank,0,blank,0,blank,0,blank
36,Even legends like alfred hitchcock and john huston occasionally directed trifles ... .,0,0.9125662446022034,0.0874337553977966,so it 's no surprise to hear a world-class filmmaker like zhang yimou,0,0.527736246585846,0.4722637534141541,Even legends like alfred hitchcock and john huston occasionally directed trifles ... so it's no surprise to hear a world-class filmmaker like zhang yimou .,1,0.0659847259521484,0.9340152740478516,19439,558,t3,5801,0,blank,0,blank,0,blank,0,blank,0,blank,0,blank,0,blank,0,blank,0,blank,0,blank,0,blank,0,blank,0,blank,1,zhang yimou,0,blank,0,blank,0,blank,0,blank
37,"Proof that a thriller can be sleekly shot , expertly cast , paced with crisp professionalism ... and still be a letdown if its twists and turns keep no more surprise .",1,0.2561458945274353,0.7438541054725647,than yesterday 's weather study,1,0.3194064497947693,0.6805935502052307,"Proof that a thriller can be sleekly shot , expertly cast , paced with crisp professionalism ... and still be a letdown if its twists and turns keep no more surprise than yesterday's weather study .",1,0.3846129179000854,0.6153870820999146,19747,566,t2,5913,0,blank,1,yesterday,0,blank,0,blank,0,blank,0,blank,0,blank,0,blank,0,blank,0,blank,0,blank,0,blank,0,blank,0,blank,0,blank,0,blank,0,blank,0,blank
38,"Proof that a thriller can be sleekly shot , expertly cast , paced with crisp professionalism ... and still be a letdown if its twists and turns take no more surprise .",1,0.1536934971809387,0.8463065028190613,than yesterday 's weather study,1,0.3194064497947693,0.6805935502052307,"Proof that a thriller can be sleekly shot , expertly cast , paced with crisp professionalism ... and still be a letdown if its twists and turns take no more surprise than yesterday's weather study .",1,0.2707738876342773,0.7292261123657227,19749,566,t2,5914,0,blank,1,yesterday,0,blank,0,blank,0,blank,0,blank,0,blank,0,blank,0,blank,0,blank,0,blank,0,blank,0,blank,0,blank,0,blank,0,blank,0,blank,0,blank
39,"Proof that a thriller can be sleekly shot , expertly cast , paced with crisp professionalism ... and still be a letdown if its twists and turns give no more surprise .",1,0.2223754525184631,0.7776245474815369,than yesterday 's weather study,1,0.3194064497947693,0.6805935502052307,"Proof that a thriller can be sleekly shot , expertly cast , paced with crisp professionalism ... and still be a letdown if its twists and turns give no more surprise than yesterday's weather study .",1,0.3567500114440918,0.6432499885559082,19751,566,t2,5915,0,blank,1,yesterday,0,blank,0,blank,0,blank,0,blank,0,blank,0,blank,0,blank,0,blank,0,blank,0,blank,0,blank,0,blank,0,blank,0,blank,0,blank,0,blank
40,"Proof that a thriller can be sleekly shot , expertly cast , paced with crisp professionalism ... and still be a letdown if its twists and turns make no more surprise .",1,0.209267258644104,0.790732741355896,than yesterday 's weather study,1,0.3194064497947693,0.6805935502052307,"Proof that a thriller can be sleekly shot , expertly cast , paced with crisp professionalism ... and still be a letdown if its twists and turns make no more surprise than yesterday's weather study .",1,0.3321197628974915,0.6678802371025085,19753,566,t2,5916,0,blank,1,yesterday,0,blank,0,blank,0,blank,0,blank,0,blank,0,blank,0,blank,0,blank,0,blank,0,blank,0,blank,0,blank,0,blank,0,blank,0,blank,0,blank
41,"Proof that a thriller can be sleekly shot , expertly cast , paced with crisp professionalism ... and still be a letdown if its twists and turns carry no more surprise .",1,0.1898871064186096,0.8101128935813904,than yesterday 's weather report,1,0.3107856512069702,0.6892143487930298,"Proof that a thriller can be sleekly shot , expertly cast , paced with crisp professionalism ... and still be a letdown if its twists and turns carry no more surprise than yesterday's weather report .",1,0.2988023161888123,0.7011976838111877,19754,566,t2,5917,0,blank,1,yesterday,0,blank,0,blank,0,blank,0,blank,0,blank,0,blank,0,blank,0,blank,0,blank,0,blank,0,blank,0,blank,0,blank,0,blank,0,blank,0,blank
42,"Proof that a thriller can be sleekly shot , expertly cast , paced with crisp professionalism ... and still be a letdown if its twists and turns carry no more surprise .",1,0.1898871064186096,0.8101128935813904,than yesterday 's weather study,1,0.3194064497947693,0.6805935502052307,"Proof that a thriller can be sleekly shot , expertly cast , paced with crisp professionalism ... and still be a letdown if its twists and turns carry no more surprise than yesterday's weather study .",1,0.3347969651222229,0.6652030348777771,19755,566,t2,5917,0,blank,1,yesterday,0,blank,0,blank,0,blank,0,blank,0,blank,0,blank,0,blank,0,blank,0,blank,0,blank,0,blank,0,blank,0,blank,0,blank,0,blank,0,blank
43,"Proof that a thriller can be sleekly took , expertly cast , paced with crisp professionalism ... and still be a letdown if its twists and turns keep no more surprise .",0,0.5322487950325012,0.4677512049674988,than yesterday 's weather report,1,0.3107856512069702,0.6892143487930298,"Proof that a thriller can be sleekly took , expertly cast , paced with crisp professionalism ... and still be a letdown if its twists and turns keep no more surprise than yesterday's weather report .",0,0.6562157273292542,0.3437842726707458,19766,566,t2,5923,0,blank,1,yesterday,0,blank,0,blank,0,blank,0,blank,0,blank,0,blank,0,blank,0,blank,0,blank,0,blank,0,blank,0,blank,0,blank,0,blank,0,blank,0,blank
44,"Proof that a thriller can be sleekly took , expertly cast , paced with crisp professionalism ... and still be a letdown if its twists and turns keep no more surprise .",0,0.5322487950325012,0.4677512049674988,than yesterday 's weather study,1,0.3194064497947693,0.6805935502052307,"Proof that a thriller can be sleekly took , expertly cast , paced with crisp professionalism ... and still be a letdown if its twists and turns keep no more surprise than yesterday's weather study .",0,0.6696959137916565,0.3303040862083435,19767,566,t2,5923,0,blank,1,yesterday,0,blank,0,blank,0,blank,0,blank,0,blank,0,blank,0,blank,0,blank,0,blank,0,blank,0,blank,0,blank,0,blank,0,blank,0,blank,0,blank
45,"Proof that a thriller can be sleekly took , expertly cast , paced with crisp professionalism ... and still be a letdown if its twists and turns take no more surprise .",1,0.3573679327964783,0.6426320672035217,than yesterday 's weather report,1,0.3107856512069702,0.6892143487930298,"Proof that a thriller can be sleekly took , expertly cast , paced with crisp professionalism ... and still be a letdown if its twists and turns take no more surprise than yesterday's weather report .",0,0.5292244553565979,0.4707755446434021,19768,566,t2,5924,0,blank,1,yesterday,0,blank,0,blank,0,blank,0,blank,0,blank,0,blank,0,blank,0,blank,0,blank,0,blank,0,blank,0,blank,0,blank,0,blank,0,blank,0,blank
46,"Proof that a thriller can be sleekly took , expertly cast , paced with crisp professionalism ... and still be a letdown if its twists and turns take no more surprise .",1,0.3573679327964783,0.6426320672035217,than yesterday 's weather study,1,0.3194064497947693,0.6805935502052307,"Proof that a thriller can be sleekly took , expertly cast , paced with crisp professionalism ... and still be a letdown if its twists and turns take no more surprise than yesterday's weather study .",0,0.544048547744751,0.455951452255249,19769,566,t2,5924,0,blank,1,yesterday,0,blank,0,blank,0,blank,0,blank,0,blank,0,blank,0,blank,0,blank,0,blank,0,blank,0,blank,0,blank,0,blank,0,blank,0,blank,0,blank
47,"Proof that a thriller can be sleekly took , expertly cast , paced with crisp professionalism ... and still be a letdown if its twists and turns give no more surprise .",1,0.4919302463531494,0.5080697536468506,than yesterday 's weather report,1,0.3107856512069702,0.6892143487930298,"Proof that a thriller can be sleekly took , expertly cast , paced with crisp professionalism ... and still be a letdown if its twists and turns give no more surprise than yesterday's weather report .",0,0.6175839304924011,0.3824160695075989,19770,566,t2,5925,0,blank,1,yesterday,0,blank,0,blank,0,blank,0,blank,0,blank,0,blank,0,blank,0,blank,0,blank,0,blank,0,blank,0,blank,0,blank,0,blank,0,blank,0,blank
48,"Proof that a thriller can be sleekly took , expertly cast , paced with crisp professionalism ... and still be a letdown if its twists and turns give no more surprise .",1,0.4919302463531494,0.5080697536468506,than yesterday 's weather study,1,0.3194064497947693,0.6805935502052307,"Proof that a thriller can be sleekly took , expertly cast , paced with crisp professionalism ... and still be a letdown if its twists and turns give no more surprise than yesterday's weather study .",0,0.6394307017326355,0.3605692982673645,19771,566,t2,5925,0,blank,1,yesterday,0,blank,0,blank,0,blank,0,blank,0,blank,0,blank,0,blank,0,blank,0,blank,0,blank,0,blank,0,blank,0,blank,0,blank,0,blank,0,blank
49,"Proof that a thriller can be sleekly took , expertly cast , paced with crisp professionalism ... and still be a letdown if its twists and turns make no more surprise .",1,0.4548264741897583,0.5451735258102417,than yesterday 's weather report,1,0.3107856512069702,0.6892143487930298,"Proof that a thriller can be sleekly took , expertly cast , paced with crisp professionalism ... and still be a letdown if its twists and turns make no more surprise than yesterday's weather report .",0,0.5940099954605103,0.4059900045394897,19772,566,t2,5926,0,blank,1,yesterday,0,blank,0,blank,0,blank,0,blank,0,blank,0,blank,0,blank,0,blank,0,blank,0,blank,0,blank,0,blank,0,blank,0,blank,0,blank,0,blank
50,"Proof that a thriller can be sleekly took , expertly cast , paced with crisp professionalism ... and still be a letdown if its twists and turns make no more surprise .",1,0.4548264741897583,0.5451735258102417,than yesterday 's weather study,1,0.3194064497947693,0.6805935502052307,"Proof that a thriller can be sleekly took , expertly cast , paced with crisp professionalism ... and still be a letdown if its twists and turns make no more surprise than yesterday's weather study .",0,0.6105316281318665,0.3894683718681335,19773,566,t2,5926,0,blank,1,yesterday,0,blank,0,blank,0,blank,0,blank,0,blank,0,blank,0,blank,0,blank,0,blank,0,blank,0,blank,0,blank,0,blank,0,blank,0,blank,0,blank
51,"Proof that a thriller can be sleekly took , expertly cast , paced with crisp professionalism ... and still be a letdown if its twists and turns carry no more surprise .",1,0.4304678440093994,0.5695321559906006,than yesterday 's weather report,1,0.3107856512069702,0.6892143487930298,"Proof that a thriller can be sleekly took , expertly cast , paced with crisp professionalism ... and still be a letdown if its twists and turns carry no more surprise than yesterday's weather report .",0,0.6018379926681519,0.3981620073318481,19774,566,t2,5927,0,blank,1,yesterday,0,blank,0,blank,0,blank,0,blank,0,blank,0,blank,0,blank,0,blank,0,blank,0,blank,0,blank,0,blank,0,blank,0,blank,0,blank,0,blank
52,"Proof that a thriller can be sleekly took , expertly cast , paced with crisp professionalism ... and still be a letdown if its twists and turns carry no more surprise .",1,0.4304678440093994,0.5695321559906006,than yesterday 's weather study,1,0.3194064497947693,0.6805935502052307,"Proof that a thriller can be sleekly took , expertly cast , paced with crisp professionalism ... and still be a letdown if its twists and turns carry no more surprise than yesterday's weather study .",0,0.6173167824745178,0.3826832175254822,19775,566,t2,5927,0,blank,1,yesterday,0,blank,0,blank,0,blank,0,blank,0,blank,0,blank,0,blank,0,blank,0,blank,0,blank,0,blank,0,blank,0,blank,0,blank,0,blank,0,blank
53,"Proof that a thriller can be sleekly shot , expertly cast , pace with crisp professionalism ... and still be a letdown if its twists and turns keep no more surprise .",1,0.4122503995895386,0.5877496004104614,than yesterday 's weather report,1,0.3107856512069702,0.6892143487930298,"Proof that a thriller can be sleekly shot , expertly cast , pace with crisp professionalism ... and still be a letdown if its twists and turns keep no more surprise than yesterday's weather report .",0,0.514118492603302,0.485881507396698,19776,566,t2,5928,0,blank,1,yesterday,0,blank,0,blank,0,blank,0,blank,0,blank,0,blank,0,blank,0,blank,0,blank,0,blank,0,blank,0,blank,0,blank,0,blank,0,blank,0,blank
54,"Proof that a thriller can be sleekly shot , expertly cast , pace with crisp professionalism ... and still be a letdown if its twists and turns keep no more surprise .",1,0.4122503995895386,0.5877496004104614,than yesterday 's weather study,1,0.3194064497947693,0.6805935502052307,"Proof that a thriller can be sleekly shot , expertly cast , pace with crisp professionalism ... and still be a letdown if its twists and turns keep no more surprise than yesterday's weather study .",0,0.5679773688316345,0.4320226311683655,19777,566,t2,5928,0,blank,1,yesterday,0,blank,0,blank,0,blank,0,blank,0,blank,0,blank,0,blank,0,blank,0,blank,0,blank,0,blank,0,blank,0,blank,0,blank,0,blank,0,blank
55,"Proof that a thriller can be sleekly shot , expertly cast , pace with crisp professionalism ... and still be a letdown if its twists and turns take no more surprise .",1,0.2734489440917969,0.7265510559082031,than yesterday 's weather report,1,0.3107856512069702,0.6892143487930298,"Proof that a thriller can be sleekly shot , expertly cast , pace with crisp professionalism ... and still be a letdown if its twists and turns take no more surprise than yesterday's weather report .",1,0.3934037089347839,0.6065962910652161,19778,566,t2,5929,0,blank,1,yesterday,0,blank,0,blank,0,blank,0,blank,0,blank,0,blank,0,blank,0,blank,0,blank,0,blank,0,blank,0,blank,0,blank,0,blank,0,blank,0,blank
56,"Proof that a thriller can be sleekly shot , expertly cast , pace with crisp professionalism ... and still be a letdown if its twists and turns take no more surprise .",1,0.2734489440917969,0.7265510559082031,than yesterday 's weather study,1,0.3194064497947693,0.6805935502052307,"Proof that a thriller can be sleekly shot , expertly cast , pace with crisp professionalism ... and still be a letdown if its twists and turns take no more surprise than yesterday's weather study .",1,0.4510980844497681,0.5489019155502319,19779,566,t2,5929,0,blank,1,yesterday,0,blank,0,blank,0,blank,0,blank,0,blank,0,blank,0,blank,0,blank,0,blank,0,blank,0,blank,0,blank,0,blank,0,blank,0,blank,0,blank
57,"Proof that a thriller can be sleekly shot , expertly cast , pace with crisp professionalism ... and still be a letdown if its twists and turns give no more surprise .",1,0.3822457790374756,0.6177542209625244,than yesterday 's weather report,1,0.3107856512069702,0.6892143487930298,"Proof that a thriller can be sleekly shot , expertly cast , pace with crisp professionalism ... and still be a letdown if its twists and turns give no more surprise than yesterday's weather report .",1,0.4830620884895325,0.5169379115104675,19780,566,t2,5930,0,blank,1,yesterday,0,blank,0,blank,0,blank,0,blank,0,blank,0,blank,0,blank,0,blank,0,blank,0,blank,0,blank,0,blank,0,blank,0,blank,0,blank,0,blank
58,"Proof that a thriller can be sleekly shot , expertly cast , pace with crisp professionalism ... and still be a letdown if its twists and turns give no more surprise .",1,0.3822457790374756,0.6177542209625244,than yesterday 's weather study,1,0.3194064497947693,0.6805935502052307,"Proof that a thriller can be sleekly shot , expertly cast , pace with crisp professionalism ... and still be a letdown if its twists and turns give no more surprise than yesterday's weather study .",0,0.548104465007782,0.451895534992218,19781,566,t2,5930,0,blank,1,yesterday,0,blank,0,blank,0,blank,0,blank,0,blank,0,blank,0,blank,0,blank,0,blank,0,blank,0,blank,0,blank,0,blank,0,blank,0,blank,0,blank
59,"Proof that a thriller can be sleekly shot , expertly cast , pace with crisp professionalism ... and still be a letdown if its twists and turns make no more surprise .",1,0.3609614372253418,0.6390385627746582,than yesterday 's weather report,1,0.3107856512069702,0.6892143487930298,"Proof that a thriller can be sleekly shot , expertly cast , pace with crisp professionalism ... and still be a letdown if its twists and turns make no more surprise than yesterday's weather report .",1,0.4665914177894592,0.5334085822105408,19782,566,t2,5931,0,blank,1,yesterday,0,blank,0,blank,0,blank,0,blank,0,blank,0,blank,0,blank,0,blank,0,blank,0,blank,0,blank,0,blank,0,blank,0,blank,0,blank,0,blank
60,"Proof that a thriller can be sleekly shot , expertly cast , pace with crisp professionalism ... and still be a letdown if its twists and turns make no more surprise .",1,0.3609614372253418,0.6390385627746582,than yesterday 's weather study,1,0.3194064497947693,0.6805935502052307,"Proof that a thriller can be sleekly shot , expertly cast , pace with crisp professionalism ... and still be a letdown if its twists and turns make no more surprise than yesterday's weather study .",0,0.5245006084442139,0.4754993915557861,19783,566,t2,5931,0,blank,1,yesterday,0,blank,0,blank,0,blank,0,blank,0,blank,0,blank,0,blank,0,blank,0,blank,0,blank,0,blank,0,blank,0,blank,0,blank,0,blank,0,blank
61,"Proof that a thriller can be sleekly shot , expertly cast , pace with crisp professionalism ... and still be a letdown if its twists and turns carry no more surprise .",1,0.3240193128585815,0.6759806871414185,than yesterday 's weather report,1,0.3107856512069702,0.6892143487930298,"Proof that a thriller can be sleekly shot , expertly cast , pace with crisp professionalism ... and still be a letdown if its twists and turns carry no more surprise than yesterday's weather report .",1,0.4592751264572144,0.5407248735427856,19784,566,t2,5932,0,blank,1,yesterday,0,blank,0,blank,0,blank,0,blank,0,blank,0,blank,0,blank,0,blank,0,blank,0,blank,0,blank,0,blank,0,blank,0,blank,0,blank,0,blank
62,"Proof that a thriller can be sleekly shot , expertly cast , pace with crisp professionalism ... and still be a letdown if its twists and turns carry no more surprise .",1,0.3240193128585815,0.6759806871414185,than yesterday 's weather study,1,0.3194064497947693,0.6805935502052307,"Proof that a thriller can be sleekly shot , expertly cast , pace with crisp professionalism ... and still be a letdown if its twists and turns carry no more surprise than yesterday's weather study .",0,0.5207791924476624,0.4792208075523376,19785,566,t2,5932,0,blank,1,yesterday,0,blank,0,blank,0,blank,0,blank,0,blank,0,blank,0,blank,0,blank,0,blank,0,blank,0,blank,0,blank,0,blank,0,blank,0,blank,0,blank
63,"Proof that a thriller can be sleekly shot , expertly cast , paced with crispy professionalism ... and still be a letdown if its twists and turns keep no more surprise .",0,0.6082520484924316,0.3917479515075684,than yesterday 's weather report,1,0.3107856512069702,0.6892143487930298,"Proof that a thriller can be sleekly shot , expertly cast , paced with crispy professionalism ... and still be a letdown if its twists and turns keep no more surprise than yesterday's weather report .",0,0.721872091293335,0.278127908706665,19786,566,t2,5933,0,blank,1,yesterday,0,blank,0,blank,0,blank,0,blank,0,blank,0,blank,0,blank,0,blank,0,blank,0,blank,0,blank,0,blank,0,blank,0,blank,0,blank,0,blank
64,"Proof that a thriller can be sleekly shot , expertly cast , paced with crispy professionalism ... and still be a letdown if its twists and turns keep no more surprise .",0,0.6082520484924316,0.3917479515075684,than yesterday 's weather study,1,0.3194064497947693,0.6805935502052307,"Proof that a thriller can be sleekly shot , expertly cast , paced with crispy professionalism ... and still be a letdown if its twists and turns keep no more surprise than yesterday's weather study .",0,0.7480282783508301,0.2519717216491699,19787,566,t2,5933,0,blank,1,yesterday,0,blank,0,blank,0,blank,0,blank,0,blank,0,blank,0,blank,0,blank,0,blank,0,blank,0,blank,0,blank,0,blank,0,blank,0,blank,0,blank
65,"Proof that a thriller can be sleekly shot , expertly cast , paced with crispy professionalism ... and still be a letdown if its twists and turns take no more surprise .",1,0.4363789558410645,0.5636210441589355,than yesterday 's weather report,1,0.3107856512069702,0.6892143487930298,"Proof that a thriller can be sleekly shot , expertly cast , paced with crispy professionalism ... and still be a letdown if its twists and turns take no more surprise than yesterday's weather report .",0,0.6031534075737,0.3968465924263,19788,566,t2,5934,0,blank,1,yesterday,0,blank,0,blank,0,blank,0,blank,0,blank,0,blank,0,blank,0,blank,0,blank,0,blank,0,blank,0,blank,0,blank,0,blank,0,blank,0,blank
66,"Proof that a thriller can be sleekly shot , expertly cast , paced with crispy professionalism ... and still be a letdown if its twists and turns take no more surprise .",1,0.4363789558410645,0.5636210441589355,than yesterday 's weather study,1,0.3194064497947693,0.6805935502052307,"Proof that a thriller can be sleekly shot , expertly cast , paced with crispy professionalism ... and still be a letdown if its twists and turns take no more surprise than yesterday's weather study .",0,0.6419191360473633,0.3580808639526367,19789,566,t2,5934,0,blank,1,yesterday,0,blank,0,blank,0,blank,0,blank,0,blank,0,blank,0,blank,0,blank,0,blank,0,blank,0,blank,0,blank,0,blank,0,blank,0,blank,0,blank
67,"Proof that a thriller can be sleekly shot , expertly cast , paced with crispy professionalism ... and still be a letdown if its twists and turns give no more surprise .",0,0.5615796446800232,0.4384203553199768,than yesterday 's weather report,1,0.3107856512069702,0.6892143487930298,"Proof that a thriller can be sleekly shot , expertly cast , paced with crispy professionalism ... and still be a letdown if its twists and turns give no more surprise than yesterday's weather report .",0,0.6879746913909912,0.3120253086090088,19790,566,t2,5935,0,blank,1,yesterday,0,blank,0,blank,0,blank,0,blank,0,blank,0,blank,0,blank,0,blank,0,blank,0,blank,0,blank,0,blank,0,blank,0,blank,0,blank,0,blank
68,"Proof that a thriller can be sleekly shot , expertly cast , paced with crispy professionalism ... and still be a letdown if its twists and turns give no more surprise .",0,0.5615796446800232,0.4384203553199768,than yesterday 's weather study,1,0.3194064497947693,0.6805935502052307,"Proof that a thriller can be sleekly shot , expertly cast , paced with crispy professionalism ... and still be a letdown if its twists and turns give no more surprise than yesterday's weather study .",0,0.7252269387245178,0.2747730612754822,19791,566,t2,5935,0,blank,1,yesterday,0,blank,0,blank,0,blank,0,blank,0,blank,0,blank,0,blank,0,blank,0,blank,0,blank,0,blank,0,blank,0,blank,0,blank,0,blank,0,blank
69,"Proof that a thriller can be sleekly shot , expertly cast , paced with crispy professionalism ... and still be a letdown if its twists and turns make no more surprise .",0,0.5502702593803406,0.4497297406196594,than yesterday 's weather report,1,0.3107856512069702,0.6892143487930298,"Proof that a thriller can be sleekly shot , expertly cast , paced with crispy professionalism ... and still be a letdown if its twists and turns make no more surprise than yesterday's weather report .",0,0.6795502305030823,0.3204497694969177,19792,566,t2,5936,0,blank,1,yesterday,0,blank,0,blank,0,blank,0,blank,0,blank,0,blank,0,blank,0,blank,0,blank,0,blank,0,blank,0,blank,0,blank,0,blank,0,blank,0,blank
70,"Proof that a thriller can be sleekly shot , expertly cast , paced with crispy professionalism ... and still be a letdown if its twists and turns make no more surprise .",0,0.5502702593803406,0.4497297406196594,than yesterday 's weather study,1,0.3194064497947693,0.6805935502052307,"Proof that a thriller can be sleekly shot , expertly cast , paced with crispy professionalism ... and still be a letdown if its twists and turns make no more surprise than yesterday's weather study .",0,0.712253212928772,0.287746787071228,19793,566,t2,5936,0,blank,1,yesterday,0,blank,0,blank,0,blank,0,blank,0,blank,0,blank,0,blank,0,blank,0,blank,0,blank,0,blank,0,blank,0,blank,0,blank,0,blank,0,blank
71,"Proof that a thriller can be sleekly shot , expertly cast , paced with crispy professionalism ... and still be a letdown if its twists and turns carry no more surprise .",0,0.5121622681617737,0.4878377318382263,than yesterday 's weather report,1,0.3107856512069702,0.6892143487930298,"Proof that a thriller can be sleekly shot , expertly cast , paced with crispy professionalism ... and still be a letdown if its twists and turns carry no more surprise than yesterday's weather report .",0,0.6798769235610962,0.3201230764389038,19794,566,t2,5937,0,blank,1,yesterday,0,blank,0,blank,0,blank,0,blank,0,blank,0,blank,0,blank,0,blank,0,blank,0,blank,0,blank,0,blank,0,blank,0,blank,0,blank,0,blank
72,"Proof that a thriller can be sleekly shot , expertly cast , paced with crispy professionalism ... and still be a letdown if its twists and turns carry no more surprise .",0,0.5121622681617737,0.4878377318382263,than yesterday 's weather study,1,0.3194064497947693,0.6805935502052307,"Proof that a thriller can be sleekly shot , expertly cast , paced with crispy professionalism ... and still be a letdown if its twists and turns carry no more surprise than yesterday's weather study .",0,0.713810384273529,0.2861896157264709,19795,566,t2,5937,0,blank,1,yesterday,0,blank,0,blank,0,blank,0,blank,0,blank,0,blank,0,blank,0,blank,0,blank,0,blank,0,blank,0,blank,0,blank,0,blank,0,blank,0,blank
73,"Proof that a thriller can be sleekly shot , expertly cast , paced with sharp professionalism ... and still be a letdown if its twists and turns keep no more surprise .",1,0.3647961020469666,0.6352038979530334,than yesterday 's weather report,1,0.3107856512069702,0.6892143487930298,"Proof that a thriller can be sleekly shot , expertly cast , paced with sharp professionalism ... and still be a letdown if its twists and turns keep no more surprise than yesterday's weather report .",1,0.4733129143714905,0.5266870856285095,19796,566,t2,5938,0,blank,1,yesterday,0,blank,0,blank,0,blank,0,blank,0,blank,0,blank,0,blank,0,blank,0,blank,0,blank,0,blank,0,blank,0,blank,0,blank,0,blank,0,blank
74,"Proof that a thriller can be sleekly shot , expertly cast , paced with sharp professionalism ... and still be a letdown if its twists and turns keep no more surprise .",1,0.3647961020469666,0.6352038979530334,than yesterday 's weather study,1,0.3194064497947693,0.6805935502052307,"Proof that a thriller can be sleekly shot , expertly cast , paced with sharp professionalism ... and still be a letdown if its twists and turns keep no more surprise than yesterday's weather study .",0,0.5069316029548645,0.4930683970451355,19797,566,t2,5938,0,blank,1,yesterday,0,blank,0,blank,0,blank,0,blank,0,blank,0,blank,0,blank,0,blank,0,blank,0,blank,0,blank,0,blank,0,blank,0,blank,0,blank,0,blank
75,"Proof that a thriller can be sleekly shot , expertly cast , paced with sharp professionalism ... and still be a letdown if its twists and turns take no more surprise .",1,0.2179703712463379,0.7820296287536621,than yesterday 's weather report,1,0.3107856512069702,0.6892143487930298,"Proof that a thriller can be sleekly shot , expertly cast , paced with sharp professionalism ... and still be a letdown if its twists and turns take no more surprise than yesterday's weather report .",1,0.3392812609672546,0.6607187390327454,19798,566,t2,5939,0,blank,1,yesterday,0,blank,0,blank,0,blank,0,blank,0,blank,0,blank,0,blank,0,blank,0,blank,0,blank,0,blank,0,blank,0,blank,0,blank,0,blank,0,blank
76,"Proof that a thriller can be sleekly shot , expertly cast , paced with sharp professionalism ... and still be a letdown if its twists and turns take no more surprise .",1,0.2179703712463379,0.7820296287536621,than yesterday 's weather study,1,0.3194064497947693,0.6805935502052307,"Proof that a thriller can be sleekly shot , expertly cast , paced with sharp professionalism ... and still be a letdown if its twists and turns take no more surprise than yesterday's weather study .",1,0.3728915452957153,0.6271084547042847,19799,566,t2,5939,0,blank,1,yesterday,0,blank,0,blank,0,blank,0,blank,0,blank,0,blank,0,blank,0,blank,0,blank,0,blank,0,blank,0,blank,0,blank,0,blank,0,blank,0,blank
77,"Proof that a thriller can be sleekly shot , expertly cast , paced with sharp professionalism ... and still be a letdown if its twists and turns give no more surprise .",1,0.3211466670036316,0.6788533329963684,than yesterday 's weather report,1,0.3107856512069702,0.6892143487930298,"Proof that a thriller can be sleekly shot , expertly cast , paced with sharp professionalism ... and still be a letdown if its twists and turns give no more surprise than yesterday's weather report .",1,0.4375599026679993,0.5624400973320007,19800,566,t2,5940,0,blank,1,yesterday,0,blank,0,blank,0,blank,0,blank,0,blank,0,blank,0,blank,0,blank,0,blank,0,blank,0,blank,0,blank,0,blank,0,blank,0,blank,0,blank
78,"Proof that a thriller can be sleekly shot , expertly cast , paced with sharp professionalism ... and still be a letdown if its twists and turns give no more surprise .",1,0.3211466670036316,0.6788533329963684,than yesterday 's weather study,1,0.3194064497947693,0.6805935502052307,"Proof that a thriller can be sleekly shot , expertly cast , paced with sharp professionalism ... and still be a letdown if its twists and turns give no more surprise than yesterday's weather study .",1,0.4812495708465576,0.5187504291534424,19801,566,t2,5940,0,blank,1,yesterday,0,blank,0,blank,0,blank,0,blank,0,blank,0,blank,0,blank,0,blank,0,blank,0,blank,0,blank,0,blank,0,blank,0,blank,0,blank,0,blank
79,"Proof that a thriller can be sleekly shot , expertly cast , paced with sharp professionalism ... and still be a letdown if its twists and turns make no more surprise .",1,0.2999908924102783,0.7000091075897217,than yesterday 's weather report,1,0.3107856512069702,0.6892143487930298,"Proof that a thriller can be sleekly shot , expertly cast , paced with sharp professionalism ... and still be a letdown if its twists and turns make no more surprise than yesterday's weather report .",1,0.4154494404792786,0.5845505595207214,19802,566,t2,5941,0,blank,1,yesterday,0,blank,0,blank,0,blank,0,blank,0,blank,0,blank,0,blank,0,blank,0,blank,0,blank,0,blank,0,blank,0,blank,0,blank,0,blank,0,blank
80,"Proof that a thriller can be sleekly shot , expertly cast , paced with sharp professionalism ... and still be a letdown if its twists and turns make no more surprise .",1,0.2999908924102783,0.7000091075897217,than yesterday 's weather study,1,0.3194064497947693,0.6805935502052307,"Proof that a thriller can be sleekly shot , expertly cast , paced with sharp professionalism ... and still be a letdown if its twists and turns make no more surprise than yesterday's weather study .",1,0.4492266774177551,0.5507733225822449,19803,566,t2,5941,0,blank,1,yesterday,0,blank,0,blank,0,blank,0,blank,0,blank,0,blank,0,blank,0,blank,0,blank,0,blank,0,blank,0,blank,0,blank,0,blank,0,blank,0,blank
81,"Proof that a thriller can be sleekly shot , expertly cast , paced with sharp professionalism ... and still be a letdown if its twists and turns carry no more surprise .",1,0.2753401398658752,0.7246598601341248,than yesterday 's weather report,1,0.3107856512069702,0.6892143487930298,"Proof that a thriller can be sleekly shot , expertly cast , paced with sharp professionalism ... and still be a letdown if its twists and turns carry no more surprise than yesterday's weather report .",1,0.4153290390968323,0.5846709609031677,19804,566,t2,5942,0,blank,1,yesterday,0,blank,0,blank,0,blank,0,blank,0,blank,0,blank,0,blank,0,blank,0,blank,0,blank,0,blank,0,blank,0,blank,0,blank,0,blank,0,blank
82,"Proof that a thriller can be sleekly shot , expertly cast , paced with sharp professionalism ... and still be a letdown if its twists and turns carry no more surprise .",1,0.2753401398658752,0.7246598601341248,than yesterday 's weather study,1,0.3194064497947693,0.6805935502052307,"Proof that a thriller can be sleekly shot , expertly cast , paced with sharp professionalism ... and still be a letdown if its twists and turns carry no more surprise than yesterday's weather study .",1,0.4520792365074158,0.5479207634925842,19805,566,t2,5942,0,blank,1,yesterday,0,blank,0,blank,0,blank,0,blank,0,blank,0,blank,0,blank,0,blank,0,blank,0,blank,0,blank,0,blank,0,blank,0,blank,0,blank,0,blank
83,"Proof that a thriller can be sleekly shot , expertly cast , paced with snappy professionalism ... and still be a letdown if its twists and turns keep no more surprise .",0,0.5558393597602844,0.4441606402397156,than yesterday 's weather report,1,0.3107856512069702,0.6892143487930298,"Proof that a thriller can be sleekly shot , expertly cast , paced with snappy professionalism ... and still be a letdown if its twists and turns keep no more surprise than yesterday's weather report .",0,0.6643062233924866,0.3356937766075134,19806,566,t2,5943,0,blank,1,yesterday,0,blank,0,blank,0,blank,0,blank,0,blank,0,blank,0,blank,0,blank,0,blank,0,blank,0,blank,0,blank,0,blank,0,blank,0,blank,0,blank
84,"Proof that a thriller can be sleekly shot , expertly cast , paced with snappy professionalism ... and still be a letdown if its twists and turns keep no more surprise .",0,0.5558393597602844,0.4441606402397156,than yesterday 's weather study,1,0.3194064497947693,0.6805935502052307,"Proof that a thriller can be sleekly shot , expertly cast , paced with snappy professionalism ... and still be a letdown if its twists and turns keep no more surprise than yesterday's weather study .",0,0.693905770778656,0.306094229221344,19807,566,t2,5943,0,blank,1,yesterday,0,blank,0,blank,0,blank,0,blank,0,blank,0,blank,0,blank,0,blank,0,blank,0,blank,0,blank,0,blank,0,blank,0,blank,0,blank,0,blank
85,"Proof that a thriller can be sleekly shot , expertly cast , paced with snappy professionalism ... and still be a letdown if its twists and turns take no more surprise .",1,0.383635938167572,0.616364061832428,than yesterday 's weather report,1,0.3107856512069702,0.6892143487930298,"Proof that a thriller can be sleekly shot , expertly cast , paced with snappy professionalism ... and still be a letdown if its twists and turns take no more surprise than yesterday's weather report .",0,0.5374130606651306,0.4625869393348694,19808,566,t2,5944,0,blank,1,yesterday,0,blank,0,blank,0,blank,0,blank,0,blank,0,blank,0,blank,0,blank,0,blank,0,blank,0,blank,0,blank,0,blank,0,blank,0,blank,0,blank
86,"Proof that a thriller can be sleekly shot , expertly cast , paced with snappy professionalism ... and still be a letdown if its twists and turns take no more surprise .",1,0.383635938167572,0.616364061832428,than yesterday 's weather study,1,0.3194064497947693,0.6805935502052307,"Proof that a thriller can be sleekly shot , expertly cast , paced with snappy professionalism ... and still be a letdown if its twists and turns take no more surprise than yesterday's weather study .",0,0.5774490237236023,0.4225509762763977,19809,566,t2,5944,0,blank,1,yesterday,0,blank,0,blank,0,blank,0,blank,0,blank,0,blank,0,blank,0,blank,0,blank,0,blank,0,blank,0,blank,0,blank,0,blank,0,blank,0,blank
87,"Proof that a thriller can be sleekly shot , expertly cast , paced with snappy professionalism ... and still be a letdown if its twists and turns give no more surprise .",0,0.512969434261322,0.487030565738678,than yesterday 's weather report,1,0.3107856512069702,0.6892143487930298,"Proof that a thriller can be sleekly shot , expertly cast , paced with snappy professionalism ... and still be a letdown if its twists and turns give no more surprise than yesterday's weather report .",0,0.6335910558700562,0.3664089441299438,19810,566,t2,5945,0,blank,1,yesterday,0,blank,0,blank,0,blank,0,blank,0,blank,0,blank,0,blank,0,blank,0,blank,0,blank,0,blank,0,blank,0,blank,0,blank,0,blank,0,blank
88,"Proof that a thriller can be sleekly shot , expertly cast , paced with snappy professionalism ... and still be a letdown if its twists and turns give no more surprise .",0,0.512969434261322,0.487030565738678,than yesterday 's weather study,1,0.3194064497947693,0.6805935502052307,"Proof that a thriller can be sleekly shot , expertly cast , paced with snappy professionalism ... and still be a letdown if its twists and turns give no more surprise than yesterday's weather study .",0,0.6740333437919617,0.3259666562080383,19811,566,t2,5945,0,blank,1,yesterday,0,blank,0,blank,0,blank,0,blank,0,blank,0,blank,0,blank,0,blank,0,blank,0,blank,0,blank,0,blank,0,blank,0,blank,0,blank,0,blank
89,"Proof that a thriller can be sleekly shot , expertly cast , paced with snappy professionalism ... and still be a letdown if its twists and turns make no more surprise .",1,0.4873619675636292,0.5126380324363708,than yesterday 's weather report,1,0.3107856512069702,0.6892143487930298,"Proof that a thriller can be sleekly shot , expertly cast , paced with snappy professionalism ... and still be a letdown if its twists and turns make no more surprise than yesterday's weather report .",0,0.6115639209747314,0.3884360790252686,19812,566,t2,5946,0,blank,1,yesterday,0,blank,0,blank,0,blank,0,blank,0,blank,0,blank,0,blank,0,blank,0,blank,0,blank,0,blank,0,blank,0,blank,0,blank,0,blank,0,blank
90,"Proof that a thriller can be sleekly shot , expertly cast , paced with snappy professionalism ... and still be a letdown if its twists and turns make no more surprise .",1,0.4873619675636292,0.5126380324363708,than yesterday 's weather study,1,0.3194064497947693,0.6805935502052307,"Proof that a thriller can be sleekly shot , expertly cast , paced with snappy professionalism ... and still be a letdown if its twists and turns make no more surprise than yesterday's weather study .",0,0.6460897922515869,0.3539102077484131,19813,566,t2,5946,0,blank,1,yesterday,0,blank,0,blank,0,blank,0,blank,0,blank,0,blank,0,blank,0,blank,0,blank,0,blank,0,blank,0,blank,0,blank,0,blank,0,blank,0,blank
91,"Proof that a thriller can be sleekly shot , expertly cast , paced with snappy professionalism ... and still be a letdown if its twists and turns carry no more surprise .",1,0.4588937163352966,0.5411062836647034,than yesterday 's weather report,1,0.3107856512069702,0.6892143487930298,"Proof that a thriller can be sleekly shot , expertly cast , paced with snappy professionalism ... and still be a letdown if its twists and turns carry no more surprise than yesterday's weather report .",0,0.6163489818572998,0.3836510181427002,19814,566,t2,5947,0,blank,1,yesterday,0,blank,0,blank,0,blank,0,blank,0,blank,0,blank,0,blank,0,blank,0,blank,0,blank,0,blank,0,blank,0,blank,0,blank,0,blank,0,blank
92,"Proof that a thriller can be sleekly shot , expertly cast , paced with snappy professionalism ... and still be a letdown if its twists and turns carry no more surprise .",1,0.4588937163352966,0.5411062836647034,than yesterday 's weather study,1,0.3194064497947693,0.6805935502052307,"Proof that a thriller can be sleekly shot , expertly cast , paced with snappy professionalism ... and still be a letdown if its twists and turns carry no more surprise than yesterday's weather study .",0,0.6525993943214417,0.3474006056785583,19815,566,t2,5947,0,blank,1,yesterday,0,blank,0,blank,0,blank,0,blank,0,blank,0,blank,0,blank,0,blank,0,blank,0,blank,0,blank,0,blank,0,blank,0,blank,0,blank,0,blank
93,"Proof that a thriller can be sleekly shot , expertly cast , paced with crisp professionalism ... and yet be a letdown if its twists and turns take no more surprise .",0,0.6457064151763916,0.3542935848236084,than yesterday 's weather report,1,0.3107856512069702,0.6892143487930298,"Proof that a thriller can be sleekly shot , expertly cast , paced with crisp professionalism ... and yet be a letdown if its twists and turns take no more surprise than yesterday's weather report .",0,0.7756413221359253,0.2243586778640747,19828,566,t2,5954,0,blank,1,yesterday,0,blank,0,blank,0,blank,0,blank,0,blank,0,blank,0,blank,0,blank,0,blank,0,blank,0,blank,0,blank,0,blank,0,blank,0,blank,0,blank
94,"Proof that a thriller can be sleekly shot , expertly cast , paced with crisp professionalism ... and yet be a letdown if its twists and turns take no more surprise .",0,0.6457064151763916,0.3542935848236084,than yesterday 's weather study,1,0.3194064497947693,0.6805935502052307,"Proof that a thriller can be sleekly shot , expertly cast , paced with crisp professionalism ... and yet be a letdown if its twists and turns take no more surprise than yesterday's weather study .",0,0.8132981061935425,0.1867018938064575,19829,566,t2,5954,0,blank,1,yesterday,0,blank,0,blank,0,blank,0,blank,0,blank,0,blank,0,blank,0,blank,0,blank,0,blank,0,blank,0,blank,0,blank,0,blank,0,blank,0,blank
95,"Proof that a thriller can be sleekly shot , expertly cast , paced with crisp professionalism ... and yet be a letdown if its twists and turns give no more surprise .",0,0.7445928454399109,0.2554071545600891,than yesterday 's weather study,1,0.3194064497947693,0.6805935502052307,"Proof that a thriller can be sleekly shot , expertly cast , paced with crisp professionalism ... and yet be a letdown if its twists and turns give no more surprise than yesterday's weather study .",0,0.8556280136108398,0.1443719863891602,19831,566,t2,5955,0,blank,1,yesterday,0,blank,0,blank,0,blank,0,blank,0,blank,0,blank,0,blank,0,blank,0,blank,0,blank,0,blank,0,blank,0,blank,0,blank,0,blank,0,blank
96,"Proof that a thriller can be sleekly shot , expertly cast , paced with crisp professionalism ... and yet be a letdown if its twists and turns make no more surprise .",0,0.7362711429595947,0.2637288570404053,than yesterday 's weather study,1,0.3194064497947693,0.6805935502052307,"Proof that a thriller can be sleekly shot , expertly cast , paced with crisp professionalism ... and yet be a letdown if its twists and turns make no more surprise than yesterday's weather study .",0,0.8467420935630798,0.1532579064369202,19833,566,t2,5956,0,blank,1,yesterday,0,blank,0,blank,0,blank,0,blank,0,blank,0,blank,0,blank,0,blank,0,blank,0,blank,0,blank,0,blank,0,blank,0,blank,0,blank,0,blank
97,"Proof that a thriller can be sleekly shot , expertly cast , paced with crisp professionalism ... and yet be a letdown if its twists and turns carry no more surprise .",0,0.7154621481895447,0.2845378518104553,than yesterday 's weather report,1,0.3107856512069702,0.6892143487930298,"Proof that a thriller can be sleekly shot , expertly cast , paced with crisp professionalism ... and yet be a letdown if its twists and turns carry no more surprise than yesterday's weather report .",0,0.8339533805847168,0.1660466194152832,19834,566,t2,5957,0,blank,1,yesterday,0,blank,0,blank,0,blank,0,blank,0,blank,0,blank,0,blank,0,blank,0,blank,0,blank,0,blank,0,blank,0,blank,0,blank,0,blank,0,blank
98,"Proof that a thriller can be sleekly shot , expertly cast , paced with crisp professionalism ... and yet be a letdown if its twists and turns carry no more surprise .",0,0.7154621481895447,0.2845378518104553,than yesterday 's weather study,1,0.3194064497947693,0.6805935502052307,"Proof that a thriller can be sleekly shot , expertly cast , paced with crisp professionalism ... and yet be a letdown if its twists and turns carry no more surprise than yesterday's weather study .",0,0.8589818477630615,0.1410181522369385,19835,566,t2,5957,0,blank,1,yesterday,0,blank,0,blank,0,blank,0,blank,0,blank,0,blank,0,blank,0,blank,0,blank,0,blank,0,blank,0,blank,0,blank,0,blank,0,blank,0,blank
99,"Proof that a thriller can be sleekly shot , expertly cast , paced with crisp professionalism ... and stock-still be a letdown if its twists and turns take no more surprise .",0,0.5413864254951477,0.4586135745048523,than yesterday 's weather study,1,0.3194064497947693,0.6805935502052307,"Proof that a thriller can be sleekly shot , expertly cast , paced with crisp professionalism ... and stock-still be a letdown if its twists and turns take no more surprise than yesterday's weather study .",0,0.6725019216537476,0.3274980783462524,19849,566,t2,5964,0,blank,1,yesterday,0,blank,0,blank,0,blank,0,blank,0,blank,0,blank,0,blank,0,blank,0,blank,0,blank,0,blank,0,blank,0,blank,0,blank,0,blank,0,blank
100,"Proof that a thriller can be sleekly shot , expertly cast , paced with crisp professionalism ... and stock-still be a letdown if its twists and turns give no more surprise .",0,0.6244887113571167,0.3755112886428833,than yesterday 's weather study,1,0.3194064497947693,0.6805935502052307,"Proof that a thriller can be sleekly shot , expertly cast , paced with crisp professionalism ... and stock-still be a letdown if its twists and turns give no more surprise than yesterday's weather study .",0,0.7307195663452148,0.2692804336547852,19851,566,t2,5965,0,blank,1,yesterday,0,blank,0,blank,0,blank,0,blank,0,blank,0,blank,0,blank,0,blank,0,blank,0,blank,0,blank,0,blank,0,blank,0,blank,0,blank,0,blank
101,"Proof that a thriller can be sleekly shot , expertly cast , paced with crisp professionalism ... and stock-still be a letdown if its twists and turns carry no more surprise .",0,0.5442226529121399,0.4557773470878601,than yesterday 's weather report,1,0.3107856512069702,0.6892143487930298,"Proof that a thriller can be sleekly shot , expertly cast , paced with crisp professionalism ... and stock-still be a letdown if its twists and turns carry no more surprise than yesterday's weather report .",0,0.664622962474823,0.335377037525177,19854,566,t2,5967,0,blank,1,yesterday,0,blank,0,blank,0,blank,0,blank,0,blank,0,blank,0,blank,0,blank,0,blank,0,blank,0,blank,0,blank,0,blank,0,blank,0,blank,0,blank
102,"Proof that a thriller can be sleekly shot , expertly cast , paced with crisp professionalism ... and stock-still be a letdown if its twists and turns carry no more surprise .",0,0.5442226529121399,0.4557773470878601,than yesterday 's weather study,1,0.3194064497947693,0.6805935502052307,"Proof that a thriller can be sleekly shot , expertly cast , paced with crisp professionalism ... and stock-still be a letdown if its twists and turns carry no more surprise than yesterday's weather study .",0,0.6961343884468079,0.3038656115531921,19855,566,t2,5967,0,blank,1,yesterday,0,blank,0,blank,0,blank,0,blank,0,blank,0,blank,0,blank,0,blank,0,blank,0,blank,0,blank,0,blank,0,blank,0,blank,0,blank,0,blank
103,"Proof that a thriller can be sleekly shot , expertly cast , paced with crisp professionalism ... and still be a letdown if its bends and turns take no more surprise .",1,0.3106482625007629,0.6893517374992371,than yesterday 's weather study,1,0.3194064497947693,0.6805935502052307,"Proof that a thriller can be sleekly shot , expertly cast , paced with crisp professionalism ... and still be a letdown if its bends and turns take no more surprise than yesterday's weather study .",1,0.4279946684837341,0.5720053315162659,19879,566,t2,5979,0,blank,1,yesterday,0,blank,0,blank,0,blank,0,blank,0,blank,0,blank,0,blank,0,blank,0,blank,0,blank,0,blank,0,blank,0,blank,0,blank,0,blank,0,blank
104,"Proof that a thriller can be sleekly shot , expertly cast , paced with crisp professionalism ... and still be a letdown if its bends and turns make no more surprise .",1,0.4159955382347107,0.5840044617652893,than yesterday 's weather study,1,0.3194064497947693,0.6805935502052307,"Proof that a thriller can be sleekly shot , expertly cast , paced with crisp professionalism ... and still be a letdown if its bends and turns make no more surprise than yesterday's weather study .",0,0.5163984298706055,0.4836015701293945,19883,566,t2,5981,0,blank,1,yesterday,0,blank,0,blank,0,blank,0,blank,0,blank,0,blank,0,blank,0,blank,0,blank,0,blank,0,blank,0,blank,0,blank,0,blank,0,blank,0,blank
105,"Proof that a thriller can be sleekly shot , expertly cast , paced with crisp professionalism ... and still be a letdown if its twists and turn keep no more surprise .",1,0.2025274038314819,0.7974725961685181,than yesterday 's weather study,1,0.3194064497947693,0.6805935502052307,"Proof that a thriller can be sleekly shot , expertly cast , paced with crisp professionalism ... and still be a letdown if its twists and turn keep no more surprise than yesterday's weather study .",1,0.305072009563446,0.694927990436554,19897,566,t2,5988,0,blank,1,yesterday,0,blank,0,blank,0,blank,0,blank,0,blank,0,blank,0,blank,0,blank,0,blank,0,blank,0,blank,0,blank,0,blank,0,blank,0,blank,0,blank
106,"Proof that a thriller can be sleekly shot , expertly cast , paced with crisp professionalism ... and still be a letdown if its twists and turn give no more surprise .",1,0.1889302730560303,0.8110697269439697,than yesterday 's weather study,1,0.3194064497947693,0.6805935502052307,"Proof that a thriller can be sleekly shot , expertly cast , paced with crisp professionalism ... and still be a letdown if its twists and turn give no more surprise than yesterday's weather study .",1,0.3015166521072388,0.6984833478927612,19901,566,t2,5990,0,blank,1,yesterday,0,blank,0,blank,0,blank,0,blank,0,blank,0,blank,0,blank,0,blank,0,blank,0,blank,0,blank,0,blank,0,blank,0,blank,0,blank,0,blank
107,"Proof that a thriller can be sleekly shot , expertly cast , paced with crisp professionalism ... and still be a letdown if its twists and turn make no more surprise .",1,0.1764527559280396,0.8235472440719604,than yesterday 's weather study,1,0.3194064497947693,0.6805935502052307,"Proof that a thriller can be sleekly shot , expertly cast , paced with crisp professionalism ... and still be a letdown if its twists and turn make no more surprise than yesterday's weather study .",1,0.2802330255508423,0.7197669744491577,19903,566,t2,5991,0,blank,1,yesterday,0,blank,0,blank,0,blank,0,blank,0,blank,0,blank,0,blank,0,blank,0,blank,0,blank,0,blank,0,blank,0,blank,0,blank,0,blank,0,blank
108,"Proof that a thriller can be sleekly shot , expertly cast , paced with crisp professionalism ... and still be a letdown if its twists and turn carry no more surprise .",1,0.1702982783317566,0.8297017216682434,than yesterday 's weather study,1,0.3194064497947693,0.6805935502052307,"Proof that a thriller can be sleekly shot , expertly cast , paced with crisp professionalism ... and still be a letdown if its twists and turn carry no more surprise than yesterday's weather study .",1,0.2978281378746033,0.7021718621253967,19905,566,t2,5992,0,blank,1,yesterday,0,blank,0,blank,0,blank,0,blank,0,blank,0,blank,0,blank,0,blank,0,blank,0,blank,0,blank,0,blank,0,blank,0,blank,0,blank,0,blank
109,it is so densely packed .,0,0.9454798102378844,0.0545201897621154,Though the Book runs only about 300 pages,0,0.950051486492157,0.049948513507843,"Though the Book runs only about 300 pages , it is so densely packed .",0,0.7959871888160706,0.2040128111839294,20490,575,t0,6264,1,only about 300,0,blank,0,blank,0,blank,0,blank,0,blank,0,blank,0,blank,0,blank,0,blank,0,blank,0,blank,0,blank,0,blank,0,blank,0,blank,0,blank,1,blank
110,"Oft-described as the antidote , it has a bundle in common , as the film diffuses every opportunity for a",1,0.1099480390548706,0.8900519609451294,to American pie-type sex comedies,1,0.0591593980789184,0.9408406019210817,"Oft-described as the antidote to American pie-type sex comedies , it has a bundle in common , as the film diffuses every opportunity for a",1,0.3315199017524719,0.6684800982475281,20990,592,t2,6472,0,blank,0,blank,0,blank,0,blank,0,blank,0,blank,0,blank,0,blank,0,blank,1,American,0,blank,0,blank,0,blank,0,blank,0,blank,0,blank,0,blank,0,blank
111,"If it attempted to do anything more , it would fail and perhaps detonate , it is just about right .",1,0.226240336894989,0.773759663105011,but at this level of manic whimsey,0,0.9678038358688354,0.0321961641311645,"If it attempted to do anything more , it would fail and perhaps detonate , but at this level of manic whimsey , it is just about right .",1,0.0086407661437988,0.9913592338562012,22873,659,t2,7030,0,blank,0,blank,0,blank,0,blank,0,blank,0,blank,0,blank,0,blank,0,blank,0,blank,0,blank,1,whimsey,0,blank,0,blank,0,blank,0,blank,0,blank,0,blank
112,"If it heard to do anything more , it would fail and possibly explode , it is just about right .",1,0.1156328320503235,0.8843671679496765,but at this level of manic whimsey,0,0.9678038358688354,0.0321961641311645,"If it heard to do anything more , it would fail and possibly explode , but at this level of manic whimsey , it is just about right .",1,0.0087156295776367,0.9912843704223632,22877,659,t2,7031,0,blank,0,blank,0,blank,0,blank,0,blank,0,blank,0,blank,0,blank,0,blank,0,blank,0,blank,1,whimsey,0,blank,0,blank,0,blank,0,blank,0,blank,0,blank
113,"If it heard to do anything more , it would fail and maybe explode , it is just about right .",1,0.115071713924408,0.884928286075592,but at this level of manic whimsey,0,0.9678038358688354,0.0321961641311645,"If it heard to do anything more , it would fail and maybe explode , but at this level of manic whimsey , it is just about right .",1,0.0084000825881958,0.9915999174118042,22881,659,t2,7032,0,blank,0,blank,0,blank,0,blank,0,blank,0,blank,0,blank,0,blank,0,blank,0,blank,0,blank,1,whimsey,0,blank,0,blank,0,blank,0,blank,0,blank,0,blank
114,"If it heard to do anything more , it would fail and perhaps burst , it is just about right .",1,0.1182443499565125,0.8817556500434875,but at this level of manic whimsey,0,0.9678038358688354,0.0321961641311645,"If it heard to do anything more , it would fail and perhaps burst , but at this level of manic whimsey , it is just about right .",1,0.0082932710647583,0.9917067289352416,22885,659,t2,7033,0,blank,0,blank,0,blank,0,blank,0,blank,0,blank,0,blank,0,blank,0,blank,0,blank,0,blank,1,whimsey,0,blank,0,blank,0,blank,0,blank,0,blank,0,blank
115,"If it heard to do anything more , it would fail and perhaps detonate , it is just about right .",1,0.3554040789604187,0.6445959210395813,but at this level of manic whimsey,0,0.9678038358688354,0.0321961641311645,"If it heard to do anything more , it would fail and perhaps detonate , but at this level of manic whimsey , it is just about right .",1,0.0108343958854675,0.9891656041145324,22889,659,t2,7034,0,blank,0,blank,0,blank,0,blank,0,blank,0,blank,0,blank,0,blank,0,blank,0,blank,0,blank,1,whimsey,0,blank,0,blank,0,blank,0,blank,0,blank,0,blank
116,Imagine the james woods character from videodrome rose .,1,0.0371518731117248,0.9628481268882751,preparing a home movie of audrey,1,0.3478178381919861,0.6521821618080139,Imagine the james woods character from videodrome preparing a home movie of audrey rose .,1,0.2606939077377319,0.7393060922622681,23443,697,t1,7253,0,blank,0,blank,0,blank,0,blank,0,blank,0,blank,0,blank,0,blank,0,blank,0,blank,0,blank,0,blank,0,blank,1,audrey,0,blank,0,blank,0,blank,0,blank
117,Imagine the james woods character from videodrome rose .,1,0.0371518731117248,0.9628481268882751,making a house movie of audrey,1,0.4758833646774292,0.5241166353225708,Imagine the james woods character from videodrome making a house movie of audrey rose .,1,0.2132917642593384,0.7867082357406616,23444,697,t1,7253,0,blank,0,blank,0,blank,0,blank,0,blank,0,blank,0,blank,0,blank,0,blank,0,blank,0,blank,0,blank,0,blank,1,audrey,0,blank,0,blank,0,blank,0,blank
118,Those are rewarded by brutal .,1,0.4838356375694275,0.5161643624305725,who would come haneke on his creepy explorations,0,0.9540720582008362,0.0459279417991638,Those who would come haneke on his creepy explorations are rewarded by brutal .,1,0.0504018068313598,0.94959819316864,24260,724,t0,7528,0,blank,0,blank,0,blank,0,blank,0,blank,0,blank,0,blank,0,blank,0,blank,0,blank,0,blank,0,blank,0,blank,1,haneke,0,blank,0,blank,0,blank,0,blank
119,Those are rewarded by brutal .,1,0.4838356375694275,0.5161643624305725,who would follow haneke on his creepy-crawly explorations,0,0.9278054237365724,0.0721945762634277,Those who would follow haneke on his creepy-crawly explorations are rewarded by brutal .,1,0.0931112766265869,0.9068887233734132,24261,724,t0,7528,0,blank,0,blank,0,blank,0,blank,0,blank,0,blank,0,blank,0,blank,0,blank,0,blank,0,blank,0,blank,0,blank,1,haneke,0,blank,0,blank,0,blank,0,blank
120,The story feels more like a serious read .,1,0.1449194550514221,0.8550805449485779,filled with heavy doses of always enticing sayles dialogue,1,0.0719044804573059,0.928095519542694,"The story feels more like a serious read , filled with heavy doses of always enticing sayles dialogue .",1,0.4860890507698059,0.5139109492301941,29607,926,t0,9303,0,blank,0,blank,0,blank,0,blank,0,blank,0,blank,0,blank,0,blank,0,blank,1,sayles,0,blank,0,blank,0,blank,0,blank,0,blank,0,blank,0,blank,0,blank
121,The story feels more like a serious read .,1,0.1449194550514221,0.8550805449485779,filled with heavy doses of constantly enticing sayles dialogue,1,0.1128226518630981,0.8871773481369019,"The story feels more like a serious read , filled with heavy doses of constantly enticing sayles dialogue .",0,0.556656539440155,0.443343460559845,29611,926,t0,9303,0,blank,0,blank,0,blank,0,blank,0,blank,0,blank,0,blank,0,blank,0,blank,1,sayles,0,blank,0,blank,0,blank,0,blank,0,blank,0,blank,0,blank,0,blank
122,The story feels more like a serious read .,1,0.1449194550514221,0.8550805449485779,filled with heavy doses of invariably enticing sayles dialogue,1,0.099496304988861,0.9005036950111389,"The story feels more like a serious read , filled with heavy doses of invariably enticing sayles dialogue .",0,0.7242487072944641,0.2757512927055359,29612,926,t0,9303,0,blank,0,blank,0,blank,0,blank,0,blank,0,blank,0,blank,0,blank,0,blank,1,sayles,0,blank,0,blank,0,blank,0,blank,0,blank,0,blank,0,blank,0,blank
123,The story feels more like a serious read .,1,0.1449194550514221,0.8550805449485779,filled with heavy doses of forever enticing sayles dialogue,1,0.1658978462219238,0.8341021537780762,"The story feels more like a serious read , filled with heavy doses of forever enticing sayles dialogue .",0,0.6402181386947632,0.3597818613052368,29613,926,t0,9303,0,blank,0,blank,0,blank,0,blank,0,blank,0,blank,0,blank,0,blank,0,blank,1,sayles,0,blank,0,blank,0,blank,0,blank,0,blank,0,blank,0,blank,0,blank
124,The story feels more like a serious read .,1,0.1449194550514221,0.8550805449485779,filled with heavy doses of always tempting sayles dialogue,1,0.4753536581993103,0.5246463418006897,"The story feels more like a serious read , filled with heavy doses of always tempting sayles dialogue .",0,0.8772522807121277,0.1227477192878723,29615,926,t0,9303,0,blank,0,blank,0,blank,0,blank,0,blank,0,blank,0,blank,0,blank,0,blank,1,sayles,0,blank,0,blank,0,blank,0,blank,0,blank,0,blank,0,blank,0,blank
125,The story feels more like a serious read .,1,0.1449194550514221,0.8550805449485779,filled with heavy doses of always enticing sayles dialog,1,0.1341416239738464,0.8658583760261536,"The story feels more like a serious read , filled with heavy doses of always enticing sayles dialog .",0,0.5946430563926697,0.4053569436073303,29617,926,t0,9303,0,blank,0,blank,0,blank,0,blank,0,blank,0,blank,0,blank,0,blank,0,blank,1,sayles,0,blank,0,blank,0,blank,0,blank,0,blank,0,blank,0,blank,0,blank
126,we need his .,1,0.0516688823699951,0.9483311176300048,"We need ( moore 's ) noisy , cocky Energy , his passion and class consciousness",1,0.1686183214187622,0.8313816785812378,"We need ( moore's ) noisy , cocky Energy , his passion and class consciousness ; we need his .",1,0.1946787238121033,0.8053212761878967,31124,965,t0,9834,0,blank,0,blank,0,blank,0,blank,0,blank,0,blank,0,blank,0,blank,0,blank,0,blank,0,blank,1,moore,0,blank,0,blank,0,blank,0,blank,0,blank,0,blank
127,we need his .,1,0.0516688823699951,0.9483311176300048,"We need ( moore 's ) noisy , cocky energy , his passion and course consciousness",1,0.1360574960708618,0.8639425039291382,"We need ( moore's ) noisy , cocky energy , his passion and course consciousness ; we need his .",1,0.1747493743896484,0.8252506256103516,31128,965,t0,9834,0,blank,0,blank,0,blank,0,blank,0,blank,0,blank,0,blank,0,blank,0,blank,0,blank,0,blank,1,moore,0,blank,0,blank,0,blank,0,blank,0,blank,0,blank
