q1,q2,ori, gpt,CARDINAL,CARDINAL_text,DATE,DATE_text,EVENT,EVENT_text,FAC,FAC_text,GPE,GPE_text,LANGUAGE,LANGUAGE_text,LAW,LAW_text,LOC,LOC_text,MONEY,MONEY_text,NORP,NORP_text,ORDINAL,ORDINAL_text,ORG,ORG_text,PERCENT,PERCENT_text,PERSON,PERSON_text,PRODUCT,PRODUCT_text,QUANTITY,QUANTITY_text,TIME,TIME_text,WORK_OF_ART,WORK_OF_ART_text
Should I quit my first job ? ,Should I quit my first job after two years ?,0,N,0,,1,two years,0,,0,,0,,0,,0,,0,,0,,0,,0,,0,,0,,0,,0,,0,,0,,0,
Is there any cab service here that is pick and drop service at london Victoria ? ,Is there any cab service here that is pick and drop service at london Victoria to Brighton ?,0,N,0,,0,,0,,0,,1,Brighton,0,,0,,0,,0,,0,,0,,0,,0,,0,,0,,0,,0,,0,
What are the four majors in terms of the prospects and what are the majors at Lee University ? ,What are the four majors in terms of the prospects and what are the two majors at Lee University ?,0,N,1,two,0,,0,,0,,0,,0,,0,,0,,0,,0,,0,,0,,0,,0,,0,,0,,0,,0,
"Mahabharata ( the epic ) : If Krishna saw his ' ' Vishwaroopam ' ' , how were Veda Vyasa , Sanjay and Dritarashtra able to see that too ? ","Mahabharata ( the epic ) : If Krishna saw his ' ' Vishwaroopam ' ' to Arjun alone , how were Veda Vyasa , Sanjay and Dritarashtra able to see that too ?",0,N,0,,0,,0,,0,,0,,0,,0,,0,,0,,0,,0,,0,,0,,1,Arjun,0,,0,,0,,0,
"What is the Arizona bark scorpion , and how do that species ? ","What is the Arizona bark scorpion , and how do that species in the Sonoran Desert ?",0,N,0,,0,,0,,0,,0,,0,,0,,1,the Sonoran Desert,0,,0,,0,,0,,0,,0,,0,,0,,0,,0,
What is your opinion on the O ' Keefe case ? ,What is your opinion on the O ' Keefe case exposing the DNC inciting violence against Trump supporters ?,0,N,0,,0,,0,,0,,0,,0,,0,,0,,0,,0,,0,,1,DNC,0,,1,Trump,0,,0,,0,,0,
What is the best email subject line ? ,"What is the best email subject line you have received from Snapdeal , Flipkart or Amazon or any other web site ?",0,N,0,,0,,0,,0,,0,,0,,0,,0,,0,,0,,0,,3,"Snapdeal,Flipkart,Amazon",0,,0,,0,,0,,0,,0,
What would be the effect on India if Donald Trump suddenly becomes the president ? ,What would be the effect on India if Donald Trump suddenly becomes the president of US ?,0,N,0,,0,,0,,0,,1,US,0,,0,,0,,0,,0,,0,,0,,0,,0,,0,,0,,0,,0,
"What was life like in Rome after the fall of the Western wall in 476 , during the Ostrogothic occupation ? ","What was life like in Rome after the fall of the Western wall in 476 , during the Ostrogothic occupation , when the Byzantines conquered the city in the mid sixth century ?",0,N,0,,1,the mid sixth century,0,,0,,0,,0,,0,,0,,0,,1,Byzantines,0,,0,,0,,0,,0,,0,,0,,0,
Which exam will be conducted for medical entrance ? ,Which exam will be conducted for medical entrance in 2017 ?,0,N,0,,1,2017,0,,0,,0,,0,,0,,0,,0,,0,,0,,0,,0,,0,,0,,0,,0,,0,
what e-commerce jobs can I do ? ,"If I can't have a physical job for 12 months , what e-commerce jobs can I do ?",0,N,0,,1,12 months,0,,0,,0,,0,,0,,0,,0,,0,,0,,0,,0,,0,,0,,0,,0,,0,
Is Google Chrome OS programmed using Go ? ,"Is Google Chrome OS programmed using Go , or C++ ?",0,N,0,,0,,0,,0,,0,,0,,1,C++,0,,0,,0,,0,,0,,0,,0,,0,,0,,0,,0,
How's the work life ? ,How's the work life at Quora ?,0,N,0,,0,,0,,0,,1,Quora,0,,0,,0,,0,,0,,0,,0,,0,,0,,0,,0,,0,,0,
"What is the weather in Orlando like on June , and how does it come from the weather ? ","What is the weather in Orlando like on June , and how does it come from the weather in January ?",0,N,0,,1,January,0,,0,,0,,0,,0,,0,,0,,0,,0,,0,,0,,0,,0,,0,,0,,0,
How will the decision to accept the 500 and 1000 Rs notes help to get rid of black money in the Swiss system ? ,How will the decision to accept the 500 and 1000 Rs notes help to get rid of black money in the Swiss system or maybe in other swiss banks and currencies ?,0,N,0,,0,,0,,0,,0,,0,,0,,0,,0,,1,swiss,0,,0,,0,,0,,0,,0,,0,,0,
"What are the main imports and exports of Venezuela , and how does Venezuela's industry function ? ","What are the main imports and exports of Venezuela , and how does Venezuel's industry function to Belize 's ?",0,N,0,,0,,0,,0,,1,Belize,0,,0,,0,,0,,0,,0,,1,Venezuel,0,,0,,0,,0,,0,,0,
""""""" A woman who wants to marry me ?"" ",""""""" A woman who wants to marry me """" in simplified Chinese ?""",0,N,0,,0,,0,,0,,0,,0,,0,,0,,0,,1,Chinese,0,,0,,0,,0,,0,,0,,0,,0,
As an ep what are 2 things ? ,As an ep what are 2 things you need to have on your resume 8 years ?,0,N,0,,1,8 years,0,,0,,0,,0,,0,,0,,0,,0,,0,,0,,0,,0,,0,,0,,0,,0,
What were the possible effects of the cambodia earthquake ? ,"What were the possible effects of the cambodia earthquake , and how do these effects relate to the Lima-Callao earthquake ?",0,N,0,,0,,0,,0,,1,Lima,0,,0,,0,,0,,0,,0,,0,,0,,0,,0,,0,,0,,0,
they fight ? ,When Japan got hit with the nuclear bomb they fight ?,0,N,0,,0,,0,,0,,1,Japan,0,,0,,0,,0,,0,,0,,0,,0,,0,,0,,0,,0,,0,
Why is Pistola considered one of the greatest Halo players of all time when he only made a top team during H3 ? ,Why is Pistola considered one of the greatest Halo players of all time when he only made a top team during H3 in 2008 ?,0,N,0,,1,2008,0,,0,,0,,0,,0,,0,,0,,0,,0,,0,,0,,0,,0,,0,,0,,0,
What's it like to have parents ? ,What's it like to have parents who both attend Harvard ?,0,N,0,,0,,0,,0,,0,,0,,0,,0,,0,,0,,0,,1,Harvard,0,,0,,0,,0,,0,,0,
How will my girls aged 10 and 12 get affected if I move from a middle east country with my family ? ,How will my girls aged 10 and 12 get affected if I move from a middle east country with my family to a European country ?,0,N,0,,0,,0,,0,,0,,0,,0,,0,,0,,1,European,0,,0,,0,,0,,0,,0,,0,,0,
Do students apply to PhD programs and get rejection letters at later dates ? ,Do students apply to PhD programs and get rejection letters at later dates if the school announces that they're also applying for NSF Fellowships ?,0,N,0,,0,,0,,0,,0,,0,,0,,0,,0,,0,,0,,1,NSF Fellowships,0,,0,,0,,0,,0,,0,
Pdf of nda routine of cadet ? ,Pdf of nda routine of cadet in daily routine ?,0,N,0,,1,daily,0,,0,,0,,0,,0,,0,,0,,0,,0,,0,,0,,0,,0,,0,,0,,0,
How the black money be recovered by simultaneously demonetising 500 ? ,"How the black money be recovered by simultaneously demonetising 500 , 1000 notes and producing 500 , 2000 notes ?",0,N,2,"1,000,500",0,,0,,0,,0,,0,,0,,0,,0,,0,,0,,0,,0,,0,,0,,0,,0,,0,
Can you shoot a Dangerous Human to death ? ,Can you shoot a Dangerous Human to death with only one 50AE Desert eagle left ?,0,N,1,only one,0,,0,,0,,0,,0,,0,,0,,0,,0,,0,,1,Desert,0,,0,,0,,0,,0,,0,
"What is the ethnic background of Chinese workers on Australian gold mines , and how does gold make the compare to the production ? ","What is the ethnic background of Chinese workers on Australian gold mines , and how does gold make the compare to the production in Brazil ?",0,N,0,,0,,0,,0,,1,Brazil,0,,0,,0,,0,,0,,0,,0,,0,,0,,0,,0,,0,,0,
"When you are speaking English as your first language , do you think in your first language ? ","When you are speaking English as your first language , do you think in your first language and then speak in the second one or two ?",0,N,2,"one,two",0,,0,,0,,0,,0,,0,,0,,0,,0,,1,second,0,,0,,0,,0,,0,,0,,0,
"How does cabin pressure in a plane change with speed before it reaches 10,000 ft ? ","How does cabin pressure in a plane change with speed before it reaches 10,000 ft ( is the plane up to 4000 feet at 4000 feet ASL ) ?",0,N,0,,0,,0,,0,,0,,0,,0,,0,,0,,0,,0,,0,,0,,0,,0,,3,"up to,4000 feet,4000 feet ASL",0,,0,
Which is the marketshare of Intel microprocessors in china ? ,"Which is the marketshare of Intel microprocessors in china , china ?",0,N,0,,0,,0,,0,,1,china,0,,0,,0,,0,,0,,0,,0,,0,,0,,0,,0,,0,,0,
Where can I find some good research papers ( or access to some work ) done on complexity analysis of the board game ? ,"""Where can I find some good research papers ( or access to some work ) done on complexity analysis of the board game """" Unblock Me ?""",0,N,0,,0,,0,,0,,0,,0,,0,,0,,0,,0,,0,,0,,0,,0,,0,,0,,0,,1,Unblock Me
How much are the possibility of war between Pakistan and India ? ,How much are the possibility of war between Pakistan and India looking at recent levels of tension between the two countries ?,0,N,1,two,0,,0,,0,,0,,0,,0,,0,,0,,0,,0,,0,,0,,0,,0,,0,,0,,0,
What do you think of a Chinese advertising for a new city ? ,What do you think of a Chinese advertising for a new city when the Chinese women's basketball team won the game in 2016 the Olympic Games ?,0,N,0,,1,2016,1,the Olympic Games,0,,0,,0,,0,,0,,0,,1,Chinese,0,,0,,0,,0,,0,,0,,0,,0,
What are the gifts for a foreign visitor to bring when they're invited to someone's home in Barbados ? ,What are the gifts for a foreign visitor to bring when they're invited to someone's home in Barbados for the first time ?,0,N,0,,0,,0,,0,,0,,0,,0,,0,,0,,0,,1,first,0,,0,,0,,0,,0,,0,,0,
What are the most common traffic convictions in Arkansas ? ,"What are the most common traffic convictions in Arkansas , and how does the severity of the convictions vary in Georgia ?",0,N,0,,0,,0,,0,,1,Georgia,0,,0,,0,,0,,0,,0,,0,,0,,0,,0,,0,,0,,0,
Is the rental of Rs 99 cut every month from your cell phone while on international business ? ,Is the rental of Rs 99 cut every month from your cell phone while on international business in the US ?,0,N,0,,0,,0,,0,,1,US,0,,0,,0,,0,,0,,0,,0,,0,,0,,0,,0,,0,,0,
What is the fastest way to travel from Delhi international airport after retiring from international flight and with 2 bags of 23 kg each ? ,"What is the fastest way to travel from Delhi international airport after retiring from international flight and with 2 bags of 23 kg each , to Jaipur ?",0,N,0,,0,,0,,0,,1,Jaipur,0,,0,,0,,0,,0,,0,,0,,0,,0,,0,,0,,0,,0,
Where can I found the flavours for cupcakes ? ,Where can I found the flavours for cupcakes at Gold Coast ?,0,N,0,,0,,0,,0,,0,,0,,0,,1,Gold Coast,0,,0,,0,,0,,0,,0,,0,,0,,0,,0,
What would you do when your ex boss threatens you that he will contact your new boss if you did not speak to him ? ,What would you do when your ex boss threatens you that he will contact your new boss if you did not speak to him for the first over ?,0,N,0,,0,,0,,0,,0,,0,,0,,0,,0,,0,,1,first,0,,0,,0,,0,,0,,0,,0,
What are the things ? ,What are the things that rest of the world should know from India ?,0,N,0,,0,,0,,0,,1,India,0,,0,,0,,0,,0,,0,,0,,0,,0,,0,,0,,0,,0,
"Why did Philippine ask Private Temporary Arbitration in Hague , not the UN backed arbitration to settle the water territory disputes with China ? ","Why did Philippine ask Private Temporary Arbitration in Hague , not the UN backed arbitration to settle the water territory disputes with China over SCS ?",0,N,0,,0,,0,,0,,0,,0,,0,,0,,0,,0,,0,,1,SCS,0,,0,,0,,0,,0,,0,
Why did China's CCTV disparage SpaceX during recent Chinese space launch coverage ? ,"Why did Chin's CCTV disparage SpaceX during recent Chinese space launch coverage , by claiming Musk 's Mars aspirations were an american pipe dream ?",0,N,0,,0,,0,,0,,0,,0,,0,,1,Mars,0,,2,"Chinese,american",0,,2,"CCTV,SpaceX",0,,2,"Chin,Musk",0,,0,,0,,0,
Which are some of the best academies ? ,Which are some of the best academies in Mumbai ?,0,N,0,,0,,0,,0,,1,Mumbai,0,,0,,0,,0,,0,,0,,0,,0,,0,,0,,0,,0,,0,
What is Hawala money ? ,What is Hawala money and why is it made in India ?,0,N,0,,0,,0,,0,,1,India,0,,0,,0,,0,,0,,0,,0,,0,,0,,0,,0,,0,,0,
"If the car in front of you stops after the stop line and you stop at the stop line , do you legally have to stop a time ? ","If the car in front of you stops after the stop line and you stop at the stop line , do you legally have to stop a third time ?",0,N,0,,0,,0,,0,,0,,0,,0,,0,,0,,0,,1,third,0,,0,,0,,0,,0,,0,,0,
"In the least inelastic demand , why is the quantity demanded not changing ? ","In the least inelastic demand , when the quantity becomes zero , why is the quantity demanded not changing ?",0,N,1,zero,0,,0,,0,,0,,0,,0,,0,,0,,0,,0,,0,,0,,0,,0,,0,,0,,0,
"What is the Sahara , and how do the average temperatures there compare to the ones ? ","What is the Sahara , and how do the average temperatures there compare to the ones in the Mojave Desert ?",0,N,0,,0,,0,,0,,0,,0,,0,,1,the Mojave Desert,0,,0,,0,,0,,0,,0,,0,,0,,0,,0,
Colds and the Common Cold : Why do I get symptoms of an upper respiratory infection ? ,Colds and the Common Cold : Why do I get symptoms of an upper respiratory infection after taking my first sip from a cold bottle of water ?,0,N,0,,0,,0,,0,,0,,0,,0,,0,,0,,0,,1,first,0,,0,,0,,0,,0,,0,,0,
Is there an Android app that can be used to set the price of an Android ? ,Is there an Android app that can be used to set the price of an Android set - box remote control to the functions of a second Android app ?,0,N,0,,0,,0,,0,,0,,0,,0,,1,Android,0,,0,,1,second,0,,0,,0,,0,,0,,0,,0,
Should I buy a MacBook pro ? ,Should I buy a MacBook pro or wait for 2016 release ?,0,N,0,,1,2016,0,,0,,0,,0,,0,,0,,0,,0,,0,,0,,0,,0,,0,,0,,0,,0,
How can I invest 1 year so that I can join a top tier university in US for college ? ,How can I invest 1 year so that I can join a top tier university in US for college in the Engieering ?,0,N,0,,0,,0,,0,,0,,0,,0,,0,,0,,0,,0,,0,,0,,1,Engieering,0,,0,,0,,0,
"What is the difference , Data Analysis ? ","What is the difference between Data Analytics , Data Analysis ?",0,N,0,,0,,0,,0,,0,,0,,0,,0,,0,,0,,0,,1,Data Analytics,0,,0,,0,,0,,0,,0,
Construction : What ? ,Construction : What if I take opc 53 % cement & mix fly ash upto 15 % separately in making concrete on site ?,0,N,0,,0,,0,,0,,0,,0,,0,,0,,0,,0,,0,,0,,2,"opc 53 %,15 %",0,,0,,0,,0,,0,
What do you think of a Chinese advertising for a Chinese restaurant ? ,What do you think of a Chinese advertising for a Chinese restaurant when the Chinese women's basketball team won the game in 2016 the Olympic Games ?,0,N,0,,1,2016,1,the Olympic Games,0,,0,,0,,0,,0,,0,,1,Chinese,0,,0,,0,,0,,0,,0,,0,,0,
"If you were granted just one wish , what would you wish for ? ","If you were granted just one wish for 2017 , what would you wish for ?",0,N,0,,1,2017,0,,0,,0,,0,,0,,0,,0,,0,,0,,0,,0,,0,,0,,0,,0,,0,
Why are Black pride ? ,"Why are Black pride , gay pride and Asian pride all related positively ?",0,N,0,,0,,0,,0,,0,,0,,0,,0,,0,,1,Asian,0,,0,,0,,0,,0,,0,,0,,0,
Why didn't the democrats run Bernie Sanders ? ,Why didn't the democrats run Bernie Sanders who would have probably beaten Trump rather than Hillary Clinton ?,0,N,0,,0,,0,,0,,0,,0,,0,,0,,0,,0,,0,,0,,0,,2,"Trump,Hillary Clinton",0,,0,,0,,0,
"What was life like in Rome after the collapse of the Western empire in 476 , during the Ostrogothic wars , when the Byzantines conquered the city in the mid sixth century ? ","What was life like in Rome after the collapse of the Western empire in 476 , during the Ostrogothic wars , when the Byzantines conquered the city in the mid sixth century , and when the Franks moved in after that ?",0,N,0,,0,,0,,0,,0,,0,,0,,0,,0,,0,,0,,0,,0,,1,Franks,0,,0,,0,,0,
Do I need to have a Gmail account to use WhatsApp ? ,Do I need to have a Gmail account to use WhatsApp on a Microsoft phone ?,0,N,0,,0,,0,,0,,0,,0,,0,,0,,0,,0,,0,,1,Microsoft,0,,0,,0,,0,,0,,0,
Where can a PS3 jailbreak be done ? ,Where in Delhi can a PS3 jailbreak be done ?,0,N,0,,0,,0,,0,,1,Delhi,0,,0,,0,,0,,0,,0,,0,,0,,0,,0,,0,,0,,0,
What is the only evidence that proves beyond reasonable doubt ? ,What is the only evidence that proves beyond reasonable doubt that the Holocaust existed ?,0,N,0,,0,,1,Holocaust,0,,0,,0,,0,,0,,0,,0,,0,,0,,0,,0,,0,,0,,0,,0,
What are the gifts for a foreign visitor to bring when they're invited to someone's wedding ? ,What are the gifts for a foreign visitor to bring when they're invited to someone's wedding in Singapore ?,0,N,0,,0,,0,,0,,1,Singapore,0,,0,,0,,0,,0,,0,,0,,0,,0,,0,,0,,0,,0,
"How much I believe in ftre by saying 430 in 828 , I am student ? ","How much I believe in ftre by saying 430 in 828 , I am student of class 8 ?",0,N,1,8,0,,0,,0,,0,,0,,0,,0,,0,,0,,0,,0,,0,,0,,0,,0,,0,,0,
"18 in a couple of weeks , what should I do ? ","18 in a couple of weeks , I am still eligible to get money from AdSense , but I made a account under a fake age , what should I do ?",0,N,0,,0,,0,,0,,0,,0,,0,,0,,0,,0,,0,,1,AdSense,0,,0,,0,,0,,0,,0,
"How can I find Chinese business partners lawyers , real estate agents having meetings to attend ? ","How can I find Chinese business partners lawyers , real estate agents having meetings to attend who wish to work in Europe ?",0,N,0,,0,,0,,0,,0,,0,,0,,1,Europe,0,,0,,0,,0,,0,,0,,0,,0,,0,,0,
What is the fastest way to create a webapp ? ,What is the fastest way to create a webapp that uses Google Maps with an overlay showing it ?,0,N,0,,0,,0,,0,,0,,0,,0,,0,,0,,0,,0,,1,Google Maps,0,,0,,0,,0,,0,,0,
"What is the smallest four-digit number which when multiplied by 6 , leaves a remainder of 5 and when divided by 5 leaves a remainder ? ","What is the smallest four-digit number which when multiplied by 6 , leaves a remainder of 5 and when divided by 5 leaves a remainder of 3 ?",0,N,1,3,0,,0,,0,,0,,0,,0,,0,,0,,0,,0,,0,,0,,0,,0,,0,,0,,0,
What are good gifts for a foreign visitor to bring when they're coming to someone's home in Barbados ? ,What are good gifts for a foreign visitor to bring when they're coming to someone's home in Barbados for the first time ?,0,N,0,,0,,0,,0,,0,,0,,0,,0,,0,,0,,1,first,0,,0,,0,,0,,0,,0,,0,
How will ban on 500 and 1000 rupees note ? ,How will ban on 500 and 1000 rupees note affect people of India ?,0,N,0,,0,,0,,0,,1,India,0,,0,,0,,0,,0,,0,,0,,0,,0,,0,,0,,0,,0,
"Would it not be more fuel and time efficient for an air vehicle to rise vertically , and stop after 12 hrs ( travelling only along longitudes if possible ) , by which time ? ","Would it not be more fuel and time efficient for an air vehicle to rise vertically , and stop after 12 hrs ( travelling only along longitudes if possible ) , by which time the Earth would have completed half a rotation ?",0,N,1,half,0,,0,,0,,0,,0,,0,,1,Earth,0,,0,,0,,0,,0,,0,,0,,0,,0,,0,
do you become an NC State fan ? ,If you join the NC State wolf do you become an NC State fan ?,0,N,0,,0,,0,,0,,0,,0,,0,,0,,0,,0,,0,,0,,0,,1,wolf,0,,0,,0,,0,
What will be the impact on real estate by banning 500 and 1000 euro notes ? ,What will be the impact on real estate by banning 500 and 1000 euro notes from India ?,0,N,0,,0,,0,,0,,1,India,0,,0,,0,,0,,0,,0,,0,,0,,0,,0,,0,,0,,0,
How is the work life ? ,How is the work life at NBCC India ?,0,N,0,,0,,0,,0,,0,,0,,0,,0,,0,,0,,0,,1,NBCC India,0,,0,,0,,0,,0,,0,
"If we see something in our dreams and it fails to come out true , what does that mean ? ","If we see something in our dreams and it fails to come out true after few seconds , what does that mean ?",0,N,0,,0,,0,,0,,0,,0,,0,,0,,0,,0,,0,,0,,0,,0,,0,,0,,1,few seconds,0,
"If a Hindu boy marries a Muslim girl in India , what law will apply ? ","If a Hindu boy marries a Muslim girl in India , what law will apply , the Hindu law for marriage or the Muslim law for children ?",0,N,0,,0,,0,,0,,0,,0,,0,,0,,0,,2,"Hindu,Muslim",0,,0,,0,,0,,0,,0,,0,,0,
"If a 4 dose rabies vaccine is available ( with immuglobin on Day 0 ) , should I be 100 % protected ? ","If a 4 dose rabies vaccine is available ( with immuglobin on Day 0 ) , even though it was given 7 days after exposure , should I be 100 % protected ?",0,N,0,,1,7 days,0,,0,,0,,0,,0,,0,,0,,0,,0,,0,,0,,0,,0,,0,,0,,0,
Which is the best coaching center for GMAT in Delhi ? ,Which is the best coaching center for GMAT in Delhi and gurgaon ?,0,N,0,,0,,0,,0,,1,gurgaon,0,,0,,0,,0,,0,,0,,0,,0,,0,,0,,0,,0,,0,
Why did Indian government scrap Rs 1000 and 500 note ? ,Why did Indian government scrap Rs 1000 and 500 note and instead is issued Rs 2000 note ?,0,N,0,,0,,0,,0,,0,,0,,0,,0,,1,2000,0,,0,,0,,0,,0,,0,,0,,0,,0,
What are the gifts for a foreign visitor to bring when they're invited to someone's wedding ? ,What are the gifts for a foreign visitor to bring when they're invited to someone's wedding in Mali ?,0,N,0,,0,,0,,0,,1,Mali,0,,0,,0,,0,,0,,0,,0,,0,,0,,0,,0,,0,,0,
Do you need to watch Daredevil ? ,Do you need to watch Daredevil before watching Jessica Jones ?,0,N,0,,0,,0,,0,,0,,0,,0,,0,,0,,0,,0,,0,,0,,1,Jessica Jones,0,,0,,0,,0,
Why does the Islamic Ummah go on global rampage over Muhammad ali ? ,Why does the Islamic Ummah go on global rampage over Muhammad ali but is unperturbed over persecution and genocide of Arab Christians and Yazidis ?,0,N,0,,0,,0,,0,,0,,0,,0,,0,,0,,2,"Arab Christians,Yazidis",0,,0,,0,,0,,0,,0,,0,,0,
Why mobile phones are implementing the SIM ( the sim slot can be either be used for second SIM or memory card ) ? ,Why mobile phones are implementing the SIM ( the sim slot can be either be used for second SIM or memory card ) while simple dual SIM is available ?,0,N,0,,0,,0,,0,,0,,0,,0,,0,,0,,0,,0,,1,SIM,0,,0,,0,,0,,0,,0,
What is the best way to create a webapp ? ,What is the best way to create a webapp that uses Google Maps with an image showing points ?,0,N,0,,0,,0,,0,,0,,0,,0,,0,,0,,0,,0,,1,Google Maps,0,,0,,0,,0,,0,,0,
Do white women ? ,Do white women like Cuban guys ?,0,N,0,,0,,0,,0,,0,,0,,0,,0,,0,,1,Cuban,0,,0,,0,,0,,0,,0,,0,,0,
What is the estimate of king solomon's wealth is ? ,What is the estimate of king solomo's wealth in israel 's economy is ?,0,N,0,,0,,0,,0,,1,israel,0,,0,,0,,0,,0,,0,,1,solomo's,0,,0,,0,,0,,0,,0,
What was the performance ? ,What was the first performance ?,0,N,0,,0,,0,,0,,0,,0,,0,,0,,0,,0,,1,first,0,,0,,0,,0,,0,,0,,0,
What's the exact time of year ? ,What's the exact time of year to go to Paris ?,0,N,0,,0,,0,,0,,1,Paris,0,,0,,0,,0,,0,,0,,0,,0,,0,,0,,0,,0,,0,
What are your thoughts on Malaysia government responds on MH17 incident compare ? ,What are your thoughts on Malaysia government responds on MH17 incident compare to MH370 incident ?,0,N,0,,0,,0,,0,,0,,0,,0,,0,,0,,0,,0,,0,,0,,0,,1,MH370,0,,0,,0,
Did Guru Nanak found his religion ? ,Did Guru Nanak found his religion or was it Guru Gobind Singh ?,0,N,0,,0,,0,,0,,0,,0,,0,,0,,0,,0,,0,,0,,0,,1,Guru Gobind,0,,0,,0,,0,
Is taking wrong charges or GAFF charges instead RESP charges for drug trafficking due to high fluctuations in demand ? ,Is taking wrong charges or GAFF charges instead RESP charges for drug trafficking due to high fluctuations in demand during NPT ?,0,N,0,,0,,0,,0,,0,,0,,0,,0,,0,,0,,0,,1,NPT,0,,0,,0,,0,,0,,0,
How do I attend the camps in NCC Naval wing and list of camps ? ,How do I attend the camps in NCC Naval wing and list of camps with months ?,0,N,0,,1,months,0,,0,,0,,0,,0,,0,,0,,0,,0,,0,,0,,0,,0,,0,,0,,0,
"Can any body learn the entire process of study from IGNOU , where do I get the material , should I ? ","Can any body learn the entire process of study from IGNOU , where do I get the material , should I have to attend class , term 2 ?",0,N,1,2,0,,0,,0,,0,,0,,0,,0,,0,,0,,0,,0,,0,,0,,0,,0,,0,,0,
why does the Bible say you have to repent your sins to God ? ,"Christians , why does the Bible say you have to repent your sins to God ?",0,N,0,,0,,0,,0,,0,,0,,0,,0,,0,,1,Christians,0,,0,,0,,0,,0,,0,,0,,0,
Why is there a massive influx of migrants into Europe ? ,"Why is there a massive influx of migrants into Europe in recent months , given that the wars in Africa Middle East started long ago ?",0,N,0,,1,recent months,0,,0,,0,,0,,0,,1,Africa Middle East,0,,0,,0,,0,,0,,0,,0,,0,,0,,0,
What are the best online transportation apps ? ,What are the best online transportation apps to reach me in Berlin ?,0,N,0,,0,,0,,0,,1,Berlin,0,,0,,0,,0,,0,,0,,0,,0,,0,,0,,0,,0,,0,
What is unusual or different about the food and drink ? ,What is unusual or different about the food and drink in Canada ?,0,N,0,,0,,0,,0,,1,Canada,0,,0,,0,,0,,0,,0,,0,,0,,0,,0,,0,,0,,0,
What will the real estate look like now ? ,What will the real estate look like now after the 500 and 1000 scraping ?,0,N,1,500 and 1000,0,,0,,0,,0,,0,,0,,0,,0,,0,,0,,0,,0,,0,,0,,0,,0,,0,
What are the things I should do ? ,What are the things I should do before going to Bangalore ?,0,N,0,,0,,0,,0,,1,Bangalore,0,,0,,0,,0,,0,,0,,0,,0,,0,,0,,0,,0,,0,
"How is it possible for the interior of a black hole to be infinitely dense , that is , a huge amount of matter ? ","How is it possible for the interior of a black hole to be infinitely dense , that is , a huge amount of matter with zero volume ?",0,N,1,zero,0,,0,,0,,0,,0,,0,,0,,0,,0,,0,,0,,0,,0,,0,,0,,0,,0,
How can the questions be combined ? ,How can the questions and questions on Quora be combined ?,0,N,0,,0,,0,,0,,1,Quora,0,,0,,0,,0,,0,,0,,0,,0,,0,,0,,0,,0,,0,
What are the gifts for a foreign visitor to bring when they're invited to someone's home ? ,What are the gifts for a foreign visitor to bring when they're invited to someone's home in Philippines ?,0,N,0,,0,,0,,0,,1,Philippines,0,,0,,0,,0,,0,,0,,0,,0,,0,,0,,0,,0,,0,
What is the zip code ? ,What is the zip code for the Yankee Stadium ?,0,N,0,,0,,0,,1,the Yankee Stadium,0,,0,,0,,0,,0,,0,,0,,0,,0,,0,,0,,0,,0,,0,
Where can I find practical assignment with department of SE computer engineering ? ,Where can I find practical assignment with department of SE computer engineering for pune university ?,0,N,0,,0,,0,,0,,0,,0,,0,,0,,0,,0,,0,,1,pune university,0,,0,,0,,0,,0,,0,
What are the gifts for a foreign visitor to bring when they're invited to someone's house ? ,What are the gifts for a foreign visitor to bring when they're invited to someone's house in São Tomé and Príncipe ?,0,N,0,,0,,0,,0,,1,São Tomé,0,,0,,0,,0,,0,,0,,0,,0,,1,Príncipe,0,,0,,0,,0,
What changes in polling methodology can we expect ? ,What changes in polling methodology can we expect after the 2016 US elections ?,0,N,0,,1,2016,0,,0,,1,US,0,,0,,0,,0,,0,,0,,0,,0,,0,,0,,0,,0,,0,
would the thickness of the ice get doubled ? ,If it takes 2 hours to remove a layer of ice 2 cm thick would the thickness of the ice get doubled ?,0,N,0,,0,,0,,0,,0,,0,,0,,0,,0,,0,,0,,0,,0,,0,,0,,1,2 cm,1,2 hours,0,
What will be my next rank ? ,What will be my next rank if I am getting 150 points ?,0,N,1,150,0,,0,,0,,0,,0,,0,,0,,0,,0,,0,,0,,0,,0,,0,,0,,0,,0,
Which sites can l find native English speakers ? ,Which sites can l find native English speakers for English speaking people ?,0,N,0,,0,,0,,0,,0,,1,English,0,,0,,0,,0,,0,,0,,0,,0,,0,,0,,0,,0,
What individuals and events in history are a source of pride ? ,What individuals and events in history are a source of pride for Colombia ?,0,N,0,,0,,0,,0,,1,Colombia,0,,0,,0,,0,,0,,0,,0,,0,,0,,0,,0,,0,,0,
What change is happen in life ? ,What change is happen in life after receiving IAS training from LBSAA ?,0,N,0,,0,,0,,0,,0,,0,,0,,0,,0,,0,,0,,1,LBSAA,0,,0,,0,,0,,0,,0,
What are your thoughts after the next presidential debate ? ,What are your thoughts after the next presidential debate between Trump and Clinton ?,0,N,0,,0,,0,,0,,0,,0,,0,,0,,0,,0,,0,,0,,0,,2,"Trump,Clinton",0,,0,,0,,0,
Is it true that one US super aircraft attack can obliterate the Russian navy ? ,Is it true that one US super aircraft attack can obliterate the Russian navy base at the Crimean Peninsula ?,0,N,0,,0,,0,,0,,0,,0,,0,,1,the Crimean Peninsula,0,,0,,0,,0,,0,,0,,0,,0,,0,,0,
"If Western Europe wants more immigrants , why don't they open more immigration quota to them ? ","If Western Europe wants more immigrants , why don't they open more immigration quota to them from the Far East ?",0,N,0,,0,,0,,0,,0,,0,,0,,1,the Far East,0,,0,,0,,0,,0,,0,,0,,0,,0,,0,
Are the calls really free under ? ,Are the calls really free under a plan after free trial offer expires on reliance jio network ?,0,N,0,,0,,0,,0,,0,,0,,0,,0,,0,,0,,0,,1,jio network,0,,0,,0,,0,,0,,0,
What are the main imports and exports of Venezuela ? ,"What are the main imports and exports of Venezuela , and how does Venezuela's exports compare ?",0,N,0,,0,,0,,0,,1,Venezuela,0,,0,,0,,0,,0,,0,,0,,0,,0,,0,,0,,0,,0,
If someone publishes a report on ways paper be published online ? ,"If someone publishes a report on ways to safeguard against AI going down , should that paper be published online ?",0,N,0,,0,,0,,0,,0,,0,,0,,0,,0,,0,,0,,1,AI,0,,0,,0,,0,,0,,0,
What traffic laws are particularly hard ? ,What traffic laws in Qatar are particularly hard ?,0,N,0,,0,,0,,0,,1,Qatar,0,,0,,0,,0,,0,,0,,0,,0,,0,,0,,0,,0,,0,
Can I write a shell script for windows notepad and then put it in Linux box ? ,Can I write a shell script for windows notepad and then put it in Linux box with Putty or Winscp ?,0,N,0,,0,,0,,0,,0,,0,,0,,0,,0,,0,,0,,0,,0,,1,Winscp,0,,0,,0,,0,
Why did Quora give a NET : : ERR_CERT_COMMON_NAME_INVALID error ? ,Why did Quora give a NET : ERR_CERT_COMMON_NAME_INVALID error on 2016-10-21 ?,0,N,0,,1,2016/10/21,0,,0,,0,,0,,0,,0,,0,,0,,0,,0,,0,,0,,0,,0,,0,,0,
"If we had a good 1st date and he tried to call me and texted me right after to say he had fun , why is he not ? ","If we had a good 1st date and he tried to call me and texted me right after to say he had fun , why is he not seeing me at all for 2 days now ?",0,N,0,,1,2 days,0,,0,,0,,0,,0,,0,,0,,0,,0,,0,,0,,0,,0,,0,,0,,0,
What are the entrance exams for getting govnment jobs after doing BSc with university with max salary of 6 lakh p ? ,What are the entrance exams for getting govnment jobs after doing BSc with university with max salary of 6 lakh p a in India ?,0,N,0,,0,,0,,0,,1,India,0,,0,,0,,0,,0,,0,,0,,0,,0,,0,,0,,0,,0,
"""In Facebook's definition of """" monthly facebook users """" do they include users who signed up ?"" ","""In Facebook's definition of """" monthly facebook users """" do they include users who signed up that month , and didn't visit again that year ?""",0,N,0,,2,"that month,that year",0,,0,,0,,0,,0,,0,,0,,0,,0,,0,,0,,0,,0,,0,,0,,0,
What are the things I should know or prepare ? ,What are the things I should know or prepare before I start my first Vipassana session ?,0,N,0,,0,,0,,0,,0,,0,,0,,0,,0,,0,,1,first,1,Vipassana,0,,0,,0,,0,,0,,0,
What is the new POS software ? ,What is the new POS software in New Zealand ?,0,N,0,,0,,0,,0,,1,New Zealand,0,,0,,0,,0,,0,,0,,0,,0,,0,,0,,0,,0,,0,
Can men stay in a pure sexual relationship ? ,Can men stay in a pure sexual relationship for more than 3 years ?,0,Y,0,,1,more than 3 years,0,,0,,0,,0,,0,,0,,0,,0,,0,,0,,0,,0,,0,,0,,0,,0,
What happened to Chandler ? ,What happened to Chandler in Friends ' 7th season ?,0,Y,0,,0,,0,,0,,0,,0,,0,,0,,0,,0,,0,,1,Friends ' 7th,0,,0,,0,,0,,0,,0,
How would it affect Indian students ? ,How would it affect Indian students living in the US ?,0,Y,0,,0,,0,,0,,1,US,0,,0,,0,,0,,0,,0,,0,,0,,0,,0,,0,,0,,0,
"Taxes in India : Can donations to trust as a part of CSR contribution , be claimed u of e tax act ? ","Taxes in India : Can donations to trust as a part of CSR contribution , be claimed u of e tax act , 1961 ?",0,Y,0,,1,1961,0,,0,,0,,0,,0,,0,,0,,0,,0,,0,,0,,0,,0,,0,,0,,0,
Are there any questions ? ,Are there any questions that can not be answered on Quora ?,0,Y,0,,0,,0,,0,,1,Quora,0,,0,,0,,0,,0,,0,,0,,0,,0,,0,,0,,0,,0,
"Why , is there a big difference in PC and console game prices ? ","Why , in India , is there a big difference in PC and console game prices ?",0,Y,0,,0,,0,,0,,1,India,0,,0,,0,,0,,0,,0,,0,,0,,0,,0,,0,,0,,0,
"As a venture capital firm , if you had an investment , what was your rationale ? ","As a venture capital firm , if you had an investment to invest in Airbnb but passed , what was your rationale ?",0,Y,0,,0,,0,,0,,0,,0,,0,,0,,0,,0,,0,,1,Airbnb,0,,0,,0,,0,,0,,0,
How important are first year grades for your college applications ? ,How important are first year grades for your college applications to Ivy League universities and Liberal Arts schools ?,0,Y,0,,0,,0,,0,,0,,0,,0,,0,,0,,0,,0,,1,Liberal Arts,0,,0,,0,,0,,0,,0,
"What are the basic resources for learning Chinese ( Mandarin ) and how can I become a mandarin speaker , speaker and writer ? ","What are the basic resources for learning Chinese ( Mandarin ) and how can I become a mandarin speaker , speaker and writer of the chinese language ?",0,Y,0,,0,,1,the chinese language,0,,0,,0,,0,,0,,0,,0,,0,,0,,0,,0,,0,,0,,0,,0,
What are my chances of landing job in the US ? ,What are my chances of landing job in the US if I have completed Information Technology Engineering course in India and now plan to move to the US ?,0,Y,0,,0,,0,,0,,2,"India,US",0,,0,,0,,0,,0,,0,,1,Information Technology Engineering,0,,0,,0,,0,,0,,0,
What is a good quality drug and alcohol rehab center ? ,What is a good quality drug and alcohol rehab center near Effingham County GA ?,0,Y,0,,0,,0,,0,,1,Effingham County,0,,0,,0,,0,,0,,0,,0,,0,,0,,0,,0,,0,,0,
How long will Donald Trump survive as a president before he makes his blunder ? ,How long will Donald Trump survive as a president before he makes his first blunder ?,0,Y,0,,0,,0,,0,,0,,0,,0,,0,,0,,0,,1,first,0,,0,,0,,0,,0,,0,,0,
Would ambassador's child who studied in best english make a good diplomat even though his language skills are limited ? ,Would ambassador's child who studied in best english make a good diplomat even though his english language skills are limited ?,0,Y,0,,0,,0,,0,,0,,0,,0,,0,,0,,1,english,0,,0,,0,,0,,0,,0,,0,,0,
"If I move , as a fully educated nurse , will I need to resubmit my transcript and the break down of my educational program to the CA BRN ? ","If I move , as a fully educated nurse from India , will I need to resubmit my transcript and the break down of my educational program to the CA BRN ?",0,Y,0,,0,,0,,0,,1,India,0,,0,,0,,0,,0,,0,,0,,0,,0,,0,,0,,0,,0,
What was the last performance by an artist ? ,What was the last performance by an artist that didn't win an Oscar ?,0,Y,0,,0,,0,,0,,0,,0,,0,,0,,0,,0,,0,,0,,0,,1,Oscar,0,,0,,0,,0,
Do I need to pay an extra 1000 rupees if I want to change the original plan to another plan ? ,Do I need to pay an extra 1000 rupees if I want to change the original plan to another plan in Airtel's broadband ?,0,Y,0,,0,,0,,0,,0,,0,,0,,0,,0,,0,,0,,1,Airtel,0,,0,,0,,0,,0,,0,
Where can I get a better customer service for bull riding ? ,Where can I get a better customer service for bull riding in Melbourne ?,0,Y,0,,0,,0,,0,,1,Melbourne,0,,0,,0,,0,,0,,0,,0,,0,,0,,0,,0,,0,,0,
Do you stand with AAP ? ,Do you stand with AAP that Delhi has urgent elections ?,0,Y,0,,0,,0,,0,,1,Delhi,0,,0,,0,,0,,0,,0,,0,,0,,0,,0,,0,,0,,0,
Will I get OTA updates ? ,Will I get OTA updates after installing soak - nougat on my Moto g4 ?,0,Y,0,,0,,0,,0,,0,,0,,0,,0,,0,,0,,0,,1,Moto,0,,0,,0,,0,,0,,0,
"Schools in Maine however , have made similar efforts ? ","Schools in Maine however , have made similar efforts to improve the nutrition and safety of the daily offering ?",0,Y,0,,1,daily,0,,0,,0,,0,,0,,0,,0,,0,,0,,0,,0,,0,,0,,0,,0,,0,
"Why didn't Sub-Saharan Africa , despite all the natural and human resources , develop into a system of stable states ? ","Why didn't Sub-Saharan Africa , despite all the natural and human resources , develop into a system of stable states like Europe , the Middle East or East Asia ?",0,Y,0,,0,,0,,0,,0,,0,,0,,3,"Europe,the Middle East,East Asia",0,,0,,0,,0,,0,,0,,0,,0,,0,,0,
What are the biggest areas of opportunity ( unmet needs ) for new mobile devices ? ,What are the biggest areas of opportunity ( unmet needs ) for new mobile devices today ?,0,Y,0,,1,today,0,,0,,0,,0,,0,,0,,0,,0,,0,,0,,0,,0,,0,,0,,0,,0,
"What are the cultural effects of discovering alien civilizations today in the cosmos , on people ? ","What are the cultural effects of discovering alien civilizations today in the cosmos , on people born on Earth ?",0,Y,0,,0,,0,,0,,0,,0,,0,,1,Earth,0,,0,,0,,0,,0,,0,,0,,0,,0,,0,
"Why do many Americans accept such services like tax-funded transportation and fire protection , but not taxes ? ","Why do many Americans accept such services like tax-funded transportation and fire protection , but not taxes like healthcare and higher education ?",0,Y,0,,0,,0,,0,,0,,0,,0,,0,,0,,0,,0,,1,healthcare,0,,0,,0,,0,,0,,0,
What is the salary of an IAS officer ? ,What is the salary of an IAS officer according to 7 th pay ?,0,Y,1,7,0,,0,,0,,0,,0,,0,,0,,0,,0,,0,,0,,0,,0,,0,,0,,0,,0,
what would you do ? ,"If you woke up as your five year old self tomorrow , with the memories of your past life intact , what would you do ?",0,Y,0,,1,five year old,0,,0,,0,,0,,0,,0,,0,,0,,0,,0,,0,,0,,0,,0,,0,,0,
What are the new Hollywood movies to be in 2016 ? ,What are the new Hollywood movies to be in 2016 ( released 2016 ) ?,0,Y,0,,1,2016,0,,0,,0,,0,,0,,0,,0,,0,,0,,0,,0,,0,,0,,0,,0,,0,
How safe is Papua New Guinea ? ,"How safe is Papua New Guinea , and how does i's crime rate compare to Argentina 's ?",0,Y,0,,0,,0,,0,,1,Argentina,0,,0,,0,,0,,0,,0,,0,,0,,0,,0,,0,,0,,0,
Startups : How did Ola Cabs manage to give its drivers cell phones in the initial days ? ,Startups in India : How did Ola Cabs manage to give its drivers cell phones in the initial days ?,0,Y,0,,0,,0,,0,,1,India,0,,0,,0,,0,,0,,0,,0,,0,,0,,0,,0,,0,,0,
"What were the side effects of the cambodia earthquake , and how do these effects compare to the Valparaiso earthquake ? ","What were the side effects of the cambodia earthquake , and how do these effects compare to the Valparaiso earthquake in 1822 ?",0,Y,0,,1,1822,0,,0,,0,,0,,0,,0,,0,,0,,0,,0,,0,,0,,0,,0,,0,,0,
"In their peaks , who is more powerful ? ","In their peaks , who is more powerful - Master Yoda , Master Obi Wan , or Master Luke Skywalker ?",0,Y,0,,0,,0,,0,,0,,0,,0,,0,,0,,0,,0,,0,,0,,2,"Obi Wan,Luke Skywalker",0,,0,,0,,0,
How do view British ? ,How do modern Indian view British ?,0,Y,0,,0,,0,,0,,0,,0,,0,,0,,0,,1,Indian,0,,0,,0,,0,,0,,0,,0,,0,
How do you video chat ? ,How do you video chat on Facebook ?,0,Y,0,,0,,0,,0,,0,,0,,0,,0,,0,,0,,0,,1,Facebook,0,,0,,0,,0,,0,,0,
Who were the six people ? ,Who were the six people that attended Thomas Paine's funeral ?,0,Y,0,,0,,0,,0,,0,,0,,0,,0,,0,,0,,0,,0,,0,,1,Thomas Paine's,0,,0,,0,,0,
What are ? ,What are some ways in which people in various parts of the world believe the United States is actively trying to exploit them or keep them down ?,0,Y,0,,0,,0,,0,,1,the United States,0,,0,,0,,0,,0,,0,,0,,0,,0,,0,,0,,0,,0,
Where is the aadhar card enrollment centre ? ,Where is the aadhar card enrollment centre in india ?,0,Y,0,,0,,0,,0,,1,india,0,,0,,0,,0,,0,,0,,0,,0,,0,,0,,0,,0,,0,
Are there any changes that you have observed in your vicinity the Modi Government has come into power ? ,Are there any changes that you have observed in your vicinity sonce the Modi Government has come into power ?,0,Y,0,,0,,0,,0,,1,sonce,0,,0,,0,,0,,0,,0,,0,,0,,0,,0,,0,,0,,0,
In reality can anybody change the outcome to let Donald Trump lose ? ,"In reality can anybody change the outcome to let Donald Trump lose , since he won on December 19th ?",0,Y,0,,1,December 19th,0,,0,,0,,0,,0,,0,,0,,0,,0,,0,,0,,0,,0,,0,,0,,0,
What are some tips on making it through the job interview process ? ,What are some tips on making it through the job interview process at United Community ?,0,Y,0,,0,,0,,0,,0,,0,,0,,0,,0,,0,,0,,1,United Community,0,,0,,0,,0,,0,,0,
Can I still smoke weed ? ,Can I still smoke weed with getting drug tested every day with a 20 ng test ?,0,Y,1,20,1,every day,0,,0,,0,,0,,0,,0,,0,,0,,0,,0,,0,,0,,0,,0,,0,,0,
Can an EEA citizen apply for UK PR ? ,Can an EEA citizen apply for UK PR if living in England for 5 years but not working for last 2 years ?,0,Y,0,,2,"5 years,last 2 years",0,,0,,1,England,0,,0,,0,,0,,0,,0,,0,,0,,0,,0,,0,,0,,0,
"If one day is not exactly 24 hours and is in fact 23 minutes 56 minutes , shouldn't the error add up , and shouldn ' t at some point in time ? ","If one day is not exactly 24 hours and is in fact 23 minutes 56 minutes , shouldn't the error add up , and shouldn ' t we see 12 am becoming 12 noon at some point in time ?",0,Y,0,,0,,0,,0,,0,,0,,0,,0,,0,,0,,0,,0,,0,,0,,0,,0,,2,"12 am becoming,12 noon",0,
How do I get a large enough data set to learn Hadoop or any of the new technologies ? ,How do I get a large enough data set to learn Hadoop or any of the new technologies which allow you to analyse Big Data ?,0,Y,0,,0,,0,,0,,0,,0,,0,,0,,0,,0,,0,,1,Big Data,0,,0,,0,,0,,0,,0,
Where can I find the local termite control company ? ,Where can I find the local termite control company in Sydney ?,0,Y,0,,0,,0,,0,,1,Sydney,0,,0,,0,,0,,0,,0,,0,,0,,0,,0,,0,,0,,0,
Where can I watch the streaming movies ? ,Where can I watch the streaming movies tonight ?,0,Y,0,,0,,0,,0,,0,,0,,0,,0,,0,,0,,0,,0,,0,,0,,0,,0,,1,tonight,0,
Is it still breaking Godwi's law to reference Nazism when asked about Trump 's campaign given his son is tweeting memes parallel ? ,Is it still breaking Godwi's law to reference Nazism when asked about Trump 's campaign given his son is tweeting memes parallel to Nazi propaganda ?,0,Y,0,,0,,0,,0,,0,,0,,0,,0,,0,,1,Nazi,0,,0,,0,,0,,0,,0,,0,,0,
Are there any logical reasons ? ,Are there any logical reasons to oppose Donald Trump ?,0,Y,0,,0,,0,,0,,0,,0,,0,,0,,0,,0,,0,,0,,0,,1,Donald Trump,0,,0,,0,,0,
What are the best food blogs ? ,What are the best food blogs ( 2010–11 ) ?,0,Y,0,,1,2010–11,0,,0,,0,,0,,0,,0,,0,,0,,0,,0,,0,,0,,0,,0,,0,,0,
Is a wireless keyboard and mouse possible ? ,Is a wireless keyboard and mouse possible for android devices ?,0,Y,0,,0,,0,,0,,0,,0,,0,,0,,0,,0,,0,,1,android,0,,0,,0,,0,,0,,0,
Are location factors important in Singur ? ,Are location factors important in Singur for Tata Nano ?,0,Y,0,,0,,0,,0,,0,,0,,0,,0,,0,,0,,0,,1,Tata Nano,0,,0,,0,,0,,0,,0,
How will India be affected now ? ,How will India be affected now that 500 and 1000 rupee notes have been issued ?,0,Y,0,,0,,0,,0,,0,,0,,0,,0,,1,500 and 1000 rupee,0,,0,,0,,0,,0,,0,,0,,0,,0,
What should I know ? ,What should I know before heading to Bangalore ?,0,Y,0,,0,,0,,0,,1,Bangalore,0,,0,,0,,0,,0,,0,,0,,0,,0,,0,,0,,0,,0,
How does Donald Trump's win affects Indian students ? ,How does Donald Trump's win affects Indian students preparing for graduate school in US ?,0,Y,0,,0,,0,,0,,1,US,0,,0,,0,,0,,0,,0,,0,,0,,0,,0,,0,,0,,0,
How do I apply allowance for night shift ? ,How do I apply allowance for night shift in TCS ?,0,Y,0,,0,,0,,0,,0,,0,,0,,0,,0,,0,,0,,1,TCS,0,,0,,0,,0,,0,,0,
Which is the other executive MBA option ? ,Which is the other executive MBA option after 1 years work ex ?,0,Y,0,,1,1 years,0,,0,,0,,0,,0,,0,,0,,0,,0,,0,,0,,0,,0,,0,,0,,0,
Are there any changes in an individual's DNA sequence ? ,Are there any changes in an individua's DNA sequence over one 's life ?,0,Y,0,,0,,0,,0,,0,,0,,0,,0,,0,,0,,0,,0,,0,,1,individua,0,,0,,0,,0,
What are these gifts for a foreign visitor to bring when they're coming to someone's home in Brunei ? ,What are these gifts for a foreign visitor to bring when they're coming to someone's home in Brunei for the first time ?,0,Y,0,,0,,0,,0,,0,,0,,0,,0,,0,,0,,1,first,0,,0,,0,,0,,0,,0,,0,
"What is the weather in Orlando like on June , and how does it come from the weather ? ","What is the weather in Orlando like on June , and how does it come from the weather in August ?",0,Y,0,,1,August,0,,0,,0,,0,,0,,0,,0,,0,,0,,0,,0,,0,,0,,0,,0,,0,
Is it true ? ,Is it true that India is faking a surgical strike ?,0,Y,0,,0,,0,,0,,1,India,0,,0,,0,,0,,0,,0,,0,,0,,0,,0,,0,,0,,0,
Who benefited the most from the anti hindi agitation ? ,Who benefited the most from the anti hindi agitation that began in tamil nadu ?,0,Y,0,,0,,0,,0,,0,,0,,0,,0,,0,,0,,0,,0,,0,,1,tamil nadu,0,,0,,0,,0,
"How does cabin pressure in a car change with time before it reaches 10,000 feet ? ","How does cabin pressure in a car change with time before it reaches 10,000 feet ( is the plane pressurized to 4000 degrees at 4000 feet ASL ) ?",0,Y,0,,0,,0,,0,,0,,0,,0,,0,,0,,0,,0,,0,,0,,0,,0,,2,"4000 degrees,4000 feet ASL",0,,0,
How do I play in share market ? ,How do I play in share market in India ?,0,Y,0,,0,,0,,0,,1,India,0,,0,,0,,0,,0,,0,,0,,0,,0,,0,,0,,0,,0,
"As a 22 year old , how do I go about saving , and creating wealth ? ","As a 22 year old with an annual package of 18-19 lakhs INR or 30000 USD , how do I go about saving , and creating wealth ?",0,Y,0,,1,annual,0,,0,,0,,0,,0,,0,,1,30000 USD,0,,0,,0,,0,,0,,0,,1,18-19 lakhs INR,0,,0,
"I , how can I find students and parents ? ","I need to provide home tuition to KG to 12th standard students , how can I find students and parents ?",0,Y,0,,0,,0,,0,,1,KG,0,,0,,0,,0,,0,,1,12th,0,,0,,0,,0,,0,,0,,0,
Are there people in this world ? ,Are there people in this world who prefer Russia over USA or other countries ?,0,Y,0,,0,,0,,0,,2,"Russia,USA",0,,0,,0,,0,,0,,0,,0,,0,,0,,0,,0,,0,,0,
"Are there any independent , peer-revised journals in which a high school student can publish a paper ? ","Are there any independent , peer-revised journals in which a high school student can publish a paper comparing different East Asian philosophies ?",0,Y,0,,0,,0,,0,,0,,0,,0,,0,,0,,1,East Asian,0,,0,,0,,0,,0,,0,,0,,0,
"I ship items , can I get a discount from the carrier ? ","I ship items often via eBay or USPS , can I get a discount from the carrier ?",0,Y,0,,0,,0,,0,,0,,0,,0,,0,,0,,0,,0,,2,"eBay,USPS",0,,0,,0,,0,,0,,0,
how will insurers start denying coverage ? ,"Once the ACA is established , how will insurers start denying coverage ?",0,Y,0,,0,,0,,0,,0,,0,,0,,0,,0,,0,,0,,1,ACA,0,,0,,0,,0,,0,,0,
"When you buy a Tesla in country A ( France ) and you send it to a non-supported country , how can you notify Tesla so ? ","When you buy a Tesla in country A ( France ) and you send it to a non-supported country ( Morocco ) , how can you notify Tesla so ?",0,Y,0,,0,,0,,0,,1,Morocco,0,,0,,0,,0,,0,,0,,0,,0,,0,,0,,0,,0,,0,
What are the things that I should consider before buying a DSLR ? ,Digital Cameras : What are the things that I should consider before buying a DSLR ?,0,Y,0,,0,,0,,0,,0,,0,,0,,0,,0,,0,,0,,1,Digital Cameras,0,,0,,0,,0,,0,,0,
How do I save a PowerPoint presentation with the notes page ? ,How do I save a PowerPoint presentation with the notes page as a Word document or as a pdf file ?,0,Y,0,,0,,0,,0,,0,,0,,0,,0,,0,,0,,0,,0,,0,,0,,1,Word,0,,0,,0,
What might the descendants of the Carthaginians be like today if Carthage had never been conquered by the Romans ? ,What might the descendants of the Carthaginians be like today if Carthage had never been conquered by the Romans ( or had they beaten the Romans ) ?,0,Y,0,,0,,0,,0,,0,,0,,0,,0,,0,,1,Romans,0,,0,,0,,0,,0,,0,,0,,0,
How did the Iranians lose to the Iraqis in their 80s war ? ,How did the Iranians lose to the Iraqis in their 80s war yet they look far away today militarily ?,0,Y,0,,1,today,0,,0,,0,,0,,0,,0,,0,,0,,0,,0,,0,,0,,0,,0,,0,,0,
Why do intelligent young people with bright minds give up everything just to join terrorist groups ? ,Why do intelligent young people with bright minds give up everything just to join terrorist groups like ISIS ?,0,Y,0,,0,,0,,0,,0,,0,,0,,0,,0,,0,,0,,1,ISIS,0,,0,,0,,0,,0,,0,
Is a writ necessary if the deed reads two words but only one ? ,Is a writ necessary if the deed reads two words but only one word as plaintiff in an unlawful detainer in CA ?,0,Y,0,,0,,0,,0,,1,CA,0,,0,,0,,0,,0,,0,,0,,0,,0,,0,,0,,0,,0,
"Do the materials like steel and iron travel by train-only on land , or do they use trucks and planes too ? ","Do the materials like steel and iron travel by train-only on land , or do they use trucks and planes too , like Amazon , Ebay , and Jet propulsion ?",0,Y,0,,0,,0,,0,,0,,0,,0,,0,,0,,0,,0,,2,"Amazon,Ebay",0,,0,,1,Jet,0,,0,,0,
"For him , what would be the first five reasons ? ","For him , what would be the first five reasons to belong to the Mormon church ?",0,Y,0,,0,,0,,0,,0,,0,,0,,0,,0,,1,Mormon,0,,0,,0,,0,,0,,0,,0,,0,
What are some stupid mistakes Brits make ? ,What are some stupid mistakes Brits make when they speak English ?,0,Y,0,,0,,0,,0,,0,,1,English,0,,0,,0,,0,,0,,0,,0,,0,,0,,0,,0,,0,
"Why can't countries afford China's high quality products , but have to buy higher quality products ? ","Why can't countries afford China's high quality products , but have to buy higher quality Chinese products ?",0,Y,0,,0,,0,,0,,0,,0,,0,,0,,0,,1,Chinese,0,,0,,0,,0,,0,,0,,0,,0,
What country is the best place to study an MS ? ,What country is the best place to study an MS in ECE ?,0,Y,0,,0,,0,,0,,0,,0,,0,,0,,0,,0,,0,,1,ECE,0,,0,,0,,0,,0,,0,
How can I possibly turn off syntax highlighting in Sublime Text ? ,How can I possibly turn off syntax highlighting in Sublime Text for Golang ?,0,Y,0,,0,,0,,0,,1,Golang,0,,0,,0,,0,,0,,0,,0,,0,,0,,0,,0,,0,,0,
What are your views on the Indian claim of lightning strikes ? ,What are your views on the Indian claim of lightning strikes in Pakistan ?,0,Y,0,,0,,0,,0,,1,Pakistan,0,,0,,0,,0,,0,,0,,0,,0,,0,,0,,0,,0,,0,
Hey Quora Trump supporters - do you still support Donald ? ,Hey Quora Trump supporters - do you still support Donald after the release today of the green room banter video tape ?,0,Y,0,,1,today,0,,0,,0,,0,,0,,0,,0,,0,,0,,0,,0,,0,,0,,0,,0,,0,
"What were the side effects of the cambodia earthquake , and how do these effects relate to the Andreanof Islands earthquake ? ","What were the side effects of the cambodia earthquake , and how do these effects relate to the Andreanof Islands earthquake in 1957 ?",0,Y,0,,1,1957,0,,0,,0,,0,,0,,0,,0,,0,,0,,0,,0,,0,,0,,0,,0,,0,
"If you are granted a wish , what will you choose ? ","If you are granted a wish to possess one super-power , what will you choose ?",0,Y,1,one,0,,0,,0,,0,,0,,0,,0,,0,,0,,0,,0,,0,,0,,0,,0,,0,,0,
The FBI assassinated those figures or losers as coverups ? ,The FBI assassinated those figures or losers as coverups : so was John Lennon assassinated by them ?,0,Y,0,,0,,0,,0,,0,,0,,0,,0,,0,,0,,0,,0,,0,,1,John Lennon,0,,0,,0,,0,
"How is it possible for the center of a black hole to be infinitely small , that is , a huge unit of mass ? ","How is it possible for the center of a black hole to be infinitely small , that is , a huge unit of mass occupying zero mass ?",0,Y,1,zero,0,,0,,0,,0,,0,,0,,0,,0,,0,,0,,0,,0,,0,,0,,0,,0,,0,
How will the decision to illegalize the 500 and 1000 Rs notes help to us rid of this money in the Swiss market ? ,How will the decision to illegalize the 500 and 1000 Rs notes help to us rid of this money in the Swiss market or maybe in other swiss banks and currencies ?,0,Y,0,,0,,0,,0,,0,,0,,0,,0,,0,,1,swiss,0,,0,,0,,0,,0,,0,,0,,0,
Which things are cheaper in Singapore ? ,Which things are cheaper in Singapore than in India ?,0,Y,0,,0,,0,,0,,1,India,0,,0,,0,,0,,0,,0,,0,,0,,0,,0,,0,,0,,0,
How much does an A-list actress get paid for a really minor role ? ,How much does an A-list actress like Halle Berry get paid for a really minor role ?,0,Y,0,,0,,0,,0,,0,,0,,0,,0,,0,,0,,0,,0,,0,,1,Halle Berry,0,,0,,0,,0,
What does the word monolith : A Space Odyssey signify ? ,What does the word monolith in 2001 : A Space Odyssey signify ?,0,Y,0,,1,2001,0,,0,,0,,0,,0,,0,,0,,0,,0,,0,,0,,0,,0,,0,,0,,0,
Do I need her permission before uploading a cover of a Bollywood song ? ,Do I need her permission before uploading a cover of a Bollywood song on YouTube ?,0,Y,0,,0,,0,,0,,0,,0,,0,,0,,0,,0,,0,,0,,0,,0,,1,YouTube,0,,0,,0,
What happens ? ,What happens during the interaction of two forces ?,0,Y,1,two,0,,0,,0,,0,,0,,0,,0,,0,,0,,0,,0,,0,,0,,0,,0,,0,,0,
What are these gifts for a foreign visitor to bring when they're invited to someone's home ? ,What are these gifts for a foreign visitor to bring when they're invited to someone's home in Barbados ?,0,Y,0,,0,,0,,0,,1,Barbados,0,,0,,0,,0,,0,,0,,0,,0,,0,,0,,0,,0,,0,
What are the best cell phone plans for international flights ? ,What are the best cell phone plans for international flights back in the US ?,0,Y,0,,0,,0,,0,,1,US,0,,0,,0,,0,,0,,0,,0,,0,,0,,0,,0,,0,,0,
Why Modi government has under-performed ? ,Why Modi government has under-performed in its investment to India ?,0,Y,0,,0,,0,,0,,1,India,0,,0,,0,,0,,0,,0,,0,,0,,0,,0,,0,,0,,0,
what should I absolutely try to take ? ,"As a CS student , what should I absolutely try to take ?",0,Y,0,,0,,0,,0,,0,,0,,0,,0,,0,,0,,0,,1,CS,0,,0,,0,,0,,0,,0,
Why was Austria-Hungary divided into a few states ? ,Why was Austria-Hungary divided into a few states after WWI but Germany ?,0,Y,0,,0,,1,WWI,0,,1,Germany,0,,0,,0,,0,,0,,0,,0,,0,,0,,0,,0,,0,,0,
Is a writ necessary if the deed reads two trustees but only one ? ,Is a writ necessary if the deed reads two trustees but only one filed as plaintiff in an alleged detainer in CA ?,0,Y,0,,0,,0,,0,,1,CA,0,,0,,0,,0,,0,,0,,0,,0,,0,,0,,0,,0,,0,
Is Google Chrome OS programmed using it ? ,"Is Google Chrome OS programmed using it , or C++ ?",0,Y,0,,0,,0,,0,,0,,0,,1,C++,0,,0,,0,,0,,0,,0,,0,,0,,0,,0,,0,
What should I learn next ? ,What should I learn next after learning Java ?,0,Y,0,,0,,0,,0,,1,Java,0,,0,,0,,0,,0,,0,,0,,0,,0,,0,,0,,0,,0,
Is taking wrong charges or GAFF charges instead RESP charges for each molecule leads to high fluctuations in energy ? ,Is taking wrong charges or GAFF charges instead RESP charges for each molecule leads to high fluctuations in energy during NPT ?,0,Y,0,,0,,0,,0,,0,,0,,0,,0,,0,,0,,0,,1,NPT,0,,0,,0,,0,,0,,0,
Why are ATM fees 180 Baht / $ 6 ? ,Why are ATM fees 180 Baht / about US $ 6 ?,0,Y,0,,0,,0,,0,,1,US,0,,0,,0,,0,,0,,0,,0,,0,,0,,0,,0,,0,,0,
How safe is it logging into a bank account through a personal finance program ? ,How safe is it logging into a bank account through a personal finance program like Perfios and allowing automatic access ?,0,Y,0,,0,,0,,0,,0,,0,,0,,0,,0,,0,,0,,1,Perfios,0,,0,,0,,0,,0,,0,
What are good gifts for a foreign visitor to bring when they're invited to someone's home ? ,What are good gifts for a foreign visitor to bring when they're invited to someone's home in Pakistan ?,0,Y,0,,0,,0,,0,,1,Pakistan,0,,0,,0,,0,,0,,0,,0,,0,,0,,0,,0,,0,,0,
How often should I text my crush ? ,"How often should I text my crush ( every day , two times , once a week ) ?",0,Y,1,two,0,,0,,0,,0,,0,,0,,0,,0,,0,,0,,0,,0,,0,,0,,0,,0,,0,