,Unnamed: 0,original_text,original_sentiment,original_neg_score,original_pos_score,res_text,res_sentiment,res_neg_score,res_pos_score,sent_id
0,5,Director rob marshall went out gunning to make a great one .,0,0.6421212553977966,0.3578786849975586,Director John Brown went out gunning to make a great one .,0,0.5357956886291504,0.464204341173172,3
1,20,"Reinforces the talents of screenwriter charlie kaufman , creator of adaptation and being john malkovich .",1,0.3568087220191956,0.6431912779808044,"Reinforces the talents of screenwriter Michael Nguyen , creator of adaptation and being john malkovich .",1,0.5641599893569946,0.4358400404453278,14
2,21,"Reinforces the talents of screenwriter charlie kaufman , creator of adaptation and being john malkovich .",1,0.3568087220191956,0.6431912779808044,"Reinforces the talents of screenwriter Christopher Evans , creator of adaptation and being john malkovich .",1,0.5737147331237793,0.4262852966785431,14
3,22,"Reinforces the talents of screenwriter charlie kaufman , creator of adaptation and being john malkovich .",1,0.3568087220191956,0.6431912779808044,"Reinforces the talents of screenwriter Matthew Hill , creator of adaptation and being john malkovich .",1,0.5902981758117676,0.4097018241882324,14
4,23,"Reinforces the talents of screenwriter charlie kaufman , creator of adaptation and being john malkovich .",1,0.3568087220191956,0.6431912779808044,"Reinforces the talents of screenwriter David Barnes , creator of adaptation and being john malkovich .",1,0.5195539593696594,0.480446070432663,14
5,24,"Reinforces the talents of screenwriter charlie kaufman , creator of adaptation and being john malkovich .",1,0.3568087220191956,0.6431912779808044,"Reinforces the talents of screenwriter James Hernandez , creator of adaptation and being john malkovich .",1,0.4759853184223175,0.5240147113800049,14
6,25,"Reinforces the talents of screenwriter charlie kaufman , creator of adaptation and being john malkovich .",1,0.3568087220191956,0.6431912779808044,"Reinforces the talents of screenwriter John Jackson , creator of adaptation and being john malkovich .",1,0.5212063193321228,0.4787936508655548,14
7,26,"Reinforces the talents of screenwriter charlie kaufman , creator of adaptation and being john malkovich .",1,0.3568087220191956,0.6431912779808044,"Reinforces the talents of screenwriter Joshua Scott , creator of adaptation and being john malkovich .",1,0.473883718252182,0.5261163115501404,14
8,27,"Reinforces the talents of screenwriter charlie kaufman , creator of adaptation and being john malkovich .",1,0.3568087220191956,0.6431912779808044,"Reinforces the talents of screenwriter Daniel Price , creator of adaptation and being john malkovich .",1,0.6245849132537842,0.3754151165485382,14
9,28,"Reinforces the talents of screenwriter charlie kaufman , creator of adaptation and being john malkovich .",1,0.3568087220191956,0.6431912779808044,"Reinforces the talents of screenwriter Joseph Reyes , creator of adaptation and being john malkovich .",1,0.4732173979282379,0.5267825722694397,14
10,29,"Reinforces the talents of screenwriter charlie kaufman , creator of adaptation and being john malkovich .",1,0.3568087220191956,0.6431912779808044,"Reinforces the talents of screenwriter William Sanders , creator of adaptation and being john malkovich .",1,0.576357364654541,0.4236426055431366,14
11,48,A remarkable 179-minute meditation on the nature of revolution .,0,0.4379178285598755,0.5620821714401245,A remarkable 161-minute meditation on the nature of revolution .,0,0.2923895716667175,0.7076103687286377,17
12,49,A remarkable 179-minute meditation on the nature of revolution .,0,0.4379178285598755,0.5620821714401245,A remarkable 145-minute meditation on the nature of revolution .,0,0.5605009198188782,0.4394990503787994,17
13,92,It is so refreshing to see robin williams turn 180 degrees from the string of insultingly innocuous and sappy fiascoes he 's been making for the last several years .,1,0.2765629589557648,0.7234370112419128,It is so refreshing to see robin williams turn 155 degrees from the string of insultingly innocuous and sappy fiascoes he 's been making for the last several years .,1,0.3970860838890076,0.6029139161109924,60
14,94,It is so refreshing to see robin williams turn 180 degrees from the string of insultingly innocuous and sappy fiascoes he 's been making for the last several years .,1,0.2765629589557648,0.7234370112419128,It is so refreshing to see robin williams turn 206 degrees from the string of insultingly innocuous and sappy fiascoes he 's been making for the last several years .,1,0.4891375005245209,0.5108624696731567,60
15,96,It is so refreshing to see robin williams turn 180 degrees from the string of insultingly innocuous and sappy fiascoes he 's been making for the last several years .,1,0.2765629589557648,0.7234370112419128,It is so refreshing to see robin williams turn 144 degrees from the string of insultingly innocuous and sappy fiascoes he 's been making for the last several years .,0,0.3995761871337891,0.6004238724708557,60
16,97,It is so refreshing to see robin williams turn 180 degrees from the string of insultingly innocuous and sappy fiascoes he 's been making for the last several years .,1,0.2765629589557648,0.7234370112419128,It is so refreshing to see robin williams turn 198 degrees from the string of insultingly innocuous and sappy fiascoes he 's been making for the last several years .,1,0.4567960798740387,0.5432039499282837,60
17,150,"The comic performances are all spot on , especially lee ross 's turn as ken .",0,0.3157339692115784,0.6842660307884216,"The comic performances are all spot on , especially Michael Bennett turn as ken .",0,0.4777617454528809,0.5222382545471191,96
18,151,"The comic performances are all spot on , especially lee ross 's turn as ken .",0,0.3157339692115784,0.6842660307884216,"The comic performances are all spot on , especially Christopher Moore turn as ken .",0,0.5084877014160156,0.491512268781662,96
19,152,"The comic performances are all spot on , especially lee ross 's turn as ken .",0,0.3157339692115784,0.6842660307884216,"The comic performances are all spot on , especially Matthew Russell turn as ken .",0,0.5613261461257935,0.4386738836765289,96
20,153,"The comic performances are all spot on , especially lee ross 's turn as ken .",0,0.3157339692115784,0.6842660307884216,"The comic performances are all spot on , especially David James turn as ken .",0,0.5229930877685547,0.4770069420337677,96
21,154,"The comic performances are all spot on , especially lee ross 's turn as ken .",0,0.3157339692115784,0.6842660307884216,"The comic performances are all spot on , especially James Perry turn as ken .",0,0.4893401265144348,0.5106598734855652,96
22,155,"The comic performances are all spot on , especially lee ross 's turn as ken .",0,0.3157339692115784,0.6842660307884216,"The comic performances are all spot on , especially John Murphy turn as ken .",0,0.5212206840515137,0.4787793159484863,96
23,156,"The comic performances are all spot on , especially lee ross 's turn as ken .",0,0.3157339692115784,0.6842660307884216,"The comic performances are all spot on , especially Joshua Campbell turn as ken .",0,0.5233455896377563,0.4766544103622437,96
24,157,"The comic performances are all spot on , especially lee ross 's turn as ken .",0,0.3157339692115784,0.6842660307884216,"The comic performances are all spot on , especially Daniel Howard turn as ken .",0,0.5644940733909607,0.4355058968067169,96
25,158,"The comic performances are all spot on , especially lee ross 's turn as ken .",0,0.3157339692115784,0.6842660307884216,"The comic performances are all spot on , especially Joseph Baker turn as ken .",0,0.6182432174682617,0.3817567527294159,96
26,159,"The comic performances are all spot on , especially lee ross 's turn as ken .",0,0.3157339692115784,0.6842660307884216,"The comic performances are all spot on , especially William Johnson turn as ken .",0,0.5191012620925903,0.4808987677097321,96
27,161,"George , hire a real director and good writers for the next installment , please .",0,0.1640223264694214,0.8359776735305786,"Evan , hire a real director and good writers for the next installment , please .",0,0.3802677690982819,0.6197322607040405,108
28,167,"George , hire a real director and good writers for the next installment , please .",0,0.1640223264694214,0.8359776735305786,"Christian , hire a real director and good writers for the next installment , please .",0,0.279546320438385,0.720453679561615,108
29,170,"If you liked the 1982 film then , you 'll still like it now .",0,0.4742213487625122,0.5257786512374878,"If you liked the 2130 film then , you 'll still like it now .",0,0.606503427028656,0.3934966027736664,113
30,171,"If you liked the 1982 film then , you 'll still like it now .",0,0.4742213487625122,0.5257786512374878,"If you liked the 1656 film then , you 'll still like it now .",0,0.6763790845870972,0.3236209452152252,113
31,172,"If you liked the 1982 film then , you 'll still like it now .",0,0.4742213487625122,0.5257786512374878,"If you liked the 2097 film then , you 'll still like it now .",0,0.6314100027084351,0.3685899376869202,113
32,173,"If you liked the 1982 film then , you 'll still like it now .",0,0.4742213487625122,0.5257786512374878,"If you liked the 2088 film then , you 'll still like it now .",0,0.585809588432312,0.414190411567688,113
33,174,"If you liked the 1982 film then , you 'll still like it now .",0,0.4742213487625122,0.5257786512374878,"If you liked the 2201 film then , you 'll still like it now .",0,0.6472448110580444,0.3527551889419556,113
34,177,"If you liked the 1982 film then , you 'll still like it now .",0,0.4742213487625122,0.5257786512374878,"If you liked the 1793 film then , you 'll still like it now .",0,0.65448397397995,0.34551602602005,113
35,178,"If you liked the 1982 film then , you 'll still like it now .",0,0.4742213487625122,0.5257786512374878,"If you liked the 2023 film then , you 'll still like it now .",0,0.6623101830482483,0.3376898169517517,113
36,179,"If you liked the 1982 film then , you 'll still like it now .",0,0.4742213487625122,0.5257786512374878,"If you liked the 2355 film then , you 'll still like it now .",0,0.6494032740592957,0.3505967557430267,113
37,228,"Only an epic documentary could get it all down , and spike lee 's jim brown : all american at long last gives its subject a movie worthy of his talents .",1,0.7152878046035767,0.2847121953964233,"Only an epic documentary could get it all down , and spike lee 's Joseph Diaz : all american at long last gives its subject a movie worthy of his talents .",1,0.5873961448669434,0.4126038253307343,192
38,270,"I can only imagine one thing worse than kevin spacey trying on an irish accent , and that 's sultry linda fiorentino doing the same thing .",0,0.6175034046173096,0.3824966251850128,"I can only imagine one thing worse than William spacey trying on an irish accent , and that 's sultry linda fiorentino doing the same thing .",0,0.7187203764915466,0.2812796533107758,237
39,272,"I can only imagine one thing worse than kevin spacey trying on an irish accent , and that 's sultry linda fiorentino doing the same thing .",0,0.6175034046173096,0.3824966251850128,"I can only imagine one thing worse than Julian spacey trying on an irish accent , and that 's sultry linda fiorentino doing the same thing .",0,0.739715039730072,0.260284960269928,237
40,273,"I can only imagine one thing worse than kevin spacey trying on an irish accent , and that 's sultry linda fiorentino doing the same thing .",0,0.6175034046173096,0.3824966251850128,"I can only imagine one thing worse than Matthew spacey trying on an irish accent , and that 's sultry linda fiorentino doing the same thing .",0,0.7358896732330322,0.2641102969646454,237
41,275,"I can only imagine one thing worse than kevin spacey trying on an irish accent , and that 's sultry linda fiorentino doing the same thing .",0,0.6175034046173096,0.3824966251850128,"I can only imagine one thing worse than Richard spacey trying on an irish accent , and that 's sultry linda fiorentino doing the same thing .",0,0.736587405204773,0.2634126245975494,237
42,277,"I can only imagine one thing worse than kevin spacey trying on an irish accent , and that 's sultry linda fiorentino doing the same thing .",0,0.6175034046173096,0.3824966251850128,"I can only imagine one thing worse than Cody spacey trying on an irish accent , and that 's sultry linda fiorentino doing the same thing .",0,0.744655191898346,0.2553447782993317,237
43,279,"I can only imagine one thing worse than kevin spacey trying on an irish accent , and that 's sultry linda fiorentino doing the same thing .",0,0.6175034046173096,0.3824966251850128,"I can only imagine one thing worse than Mason spacey trying on an irish accent , and that 's sultry linda fiorentino doing the same thing .",0,0.7641085386276245,0.2358914762735367,237
44,281,"( a ) superbly controlled , passionate adaptation of graham greene 's 1955 novel .",0,0.4066635072231293,0.5933365225791931,"( a ) superbly controlled , passionate adaptation of graham greene 's 2050 novel .",0,0.5175149440765381,0.4824850857257843,242
45,294,"How on earth , or anywhere else , did director ron underwood manage to blow $ 100 million on this ?",0,0.9871353507041932,0.0128646437078714,"How on earth , or anywhere else , did director James Young manage to blow $ 100 million on this ?",0,0.881009042263031,0.1189909055829048,250
46,318,"A distant , even sterile , yet compulsively watchable look at the sordid life of hogan 's heroes star bob crane .",0,0.2986277639865875,0.7013722658157349,"A distant , even sterile , yet compulsively watchable look at the sordid life of hogan 's heroes star Joseph Myers .",0,0.1913785338401794,0.8086215257644653,254
47,367,"Ritchie 's treatment of the class reversal is majorly ham-fisted , from the repetitive manifestos that keep getting thrown in people 's faces to the fact amber is such a joke .",0,0.8291964530944824,0.1708036065101624,"Kyle 's treatment of the class reversal is majorly ham-fisted , from the repetitive manifestos that keep getting thrown in people 's faces to the fact amber is such a joke .",0,0.7230016589164734,0.2769982814788818,349
48,368,"Ritchie 's treatment of the class reversal is majorly ham-fisted , from the repetitive manifestos that keep getting thrown in people 's faces to the fact amber is such a joke .",0,0.8291964530944824,0.1708036065101624,"Hunter 's treatment of the class reversal is majorly ham-fisted , from the repetitive manifestos that keep getting thrown in people 's faces to the fact amber is such a joke .",0,0.6918211579322815,0.3081788718700409,349
49,382,Has it ever been possible to say that williams has truly inhabited a character ?,1,0.8699508309364319,0.1300491988658905,Has it ever been possible to say that Edward has truly inhabited a character ?,1,0.6986804008483887,0.3013195693492889,362
50,383,Has it ever been possible to say that williams has truly inhabited a character ?,1,0.8699508309364319,0.1300491988658905,Has it ever been possible to say that Jared has truly inhabited a character ?,1,0.7466129064559937,0.2533870935440063,362
51,384,Has it ever been possible to say that williams has truly inhabited a character ?,1,0.8699508309364319,0.1300491988658905,Has it ever been possible to say that Christian has truly inhabited a character ?,1,0.7669650316238403,0.2330350130796432,362
52,388,Has it ever been possible to say that williams has truly inhabited a character ?,1,0.8699508309364319,0.1300491988658905,Has it ever been possible to say that Jonathan has truly inhabited a character ?,1,0.7194675803184509,0.2805323600769043,362
53,389,Has it ever been possible to say that williams has truly inhabited a character ?,1,0.8699508309364319,0.1300491988658905,Has it ever been possible to say that Donald has truly inhabited a character ?,1,0.6196218132972717,0.3803781867027283,362
54,392,"Philip k. dick must be turning in his grave , along with my stomach .",0,0.4081836044788361,0.5918164253234863,"Matthew Foster must be turning in his grave , along with my stomach .",0,0.2987787127494812,0.7012212872505188,369
55,394,"Philip k. dick must be turning in his grave , along with my stomach .",0,0.4081836044788361,0.5918164253234863,"James Jenkins must be turning in his grave , along with my stomach .",0,0.2453018128871918,0.7546982169151306,369
56,397,"Philip k. dick must be turning in his grave , along with my stomach .",0,0.4081836044788361,0.5918164253234863,"Daniel Garcia must be turning in his grave , along with my stomach .",0,0.2485019564628601,0.7514980435371399,369
57,400,"4 friends , 2 couples , 2000 miles , and all the pabst blue ribbon beer they can drink - it 's the ultimate redneck road-trip .",0,0.3887032568454742,0.6112967133522034,"4 friends , 2 couples , 1708 miles , and all the pabst blue ribbon beer they can drink - it 's the ultimate redneck road-trip .",0,0.2685314118862152,0.7314686179161072,383
58,406,"4 friends , 2 couples , 2000 miles , and all the pabst blue ribbon beer they can drink - it 's the ultimate redneck road-trip .",0,0.3887032568454742,0.6112967133522034,"4 friends , 2 couples , 1609 miles , and all the pabst blue ribbon beer they can drink - it 's the ultimate redneck road-trip .",0,0.2325053811073303,0.7674946188926697,383
59,410,An engaging overview of johnson 's eccentric career .,0,0.2829202711582184,0.7170796990394592,An engaging overview of Ryan 's eccentric career .,0,0.4433651566505432,0.5566348433494568,403
60,411,An engaging overview of johnson 's eccentric career .,0,0.2829202711582184,0.7170796990394592,An engaging overview of Angel 's eccentric career .,0,0.6388655304908752,0.3611344695091248,403
61,412,An engaging overview of johnson 's eccentric career .,0,0.2829202711582184,0.7170796990394592,An engaging overview of Adrian 's eccentric career .,0,0.4409497380256653,0.5590502619743347,403
62,413,An engaging overview of johnson 's eccentric career .,0,0.2829202711582184,0.7170796990394592,An engaging overview of Connor 's eccentric career .,0,0.4960504770278931,0.5039495229721069,403
63,415,An engaging overview of johnson 's eccentric career .,0,0.2829202711582184,0.7170796990394592,An engaging overview of Mark 's eccentric career .,0,0.4794154465198517,0.5205845832824707,403
64,416,An engaging overview of johnson 's eccentric career .,0,0.2829202711582184,0.7170796990394592,An engaging overview of Nathan 's eccentric career .,0,0.5658619999885559,0.4341379702091217,403
65,417,An engaging overview of johnson 's eccentric career .,0,0.2829202711582184,0.7170796990394592,An engaging overview of Evan 's eccentric career .,0,0.5675482749938965,0.4324517250061035,403
66,418,An engaging overview of johnson 's eccentric career .,0,0.2829202711582184,0.7170796990394592,An engaging overview of Alexander 's eccentric career .,1,0.5542181134223938,0.4457818567752838,403
67,419,An engaging overview of johnson 's eccentric career .,0,0.2829202711582184,0.7170796990394592,An engaging overview of Edward 's eccentric career .,0,0.5099378228187561,0.4900621771812439,403
68,461,"Very solid , very watchable first feature for director peter sheridan",0,0.7041015625,0.2958984673023224,"Very solid , very watchable first feature for director Christopher Morris",0,0.580029308795929,0.4199706614017487,452
69,464,"Very solid , very watchable first feature for director peter sheridan",0,0.7041015625,0.2958984673023224,"Very solid , very watchable first feature for director James Carter",0,0.5993218421936035,0.4006781578063965,452
70,466,"Very solid , very watchable first feature for director peter sheridan",0,0.7041015625,0.2958984673023224,"Very solid , very watchable first feature for director Joshua Campbell",0,0.5768506526947021,0.4231493771076202,452
71,486,This is the best american movie about troubled teens since 1998 's whatever .,0,0.1886588633060455,0.8113411068916321,This is the best american movie about troubled teens since 2014 's whatever .,0,0.2974821031093597,0.7025178670883179,498
72,600,"What will , most likely , turn out to be the most repellent movie of 2002 .",0,0.8080174922943115,0.1919824779033661,"What will , most likely , turn out to be the most repellent movie of 1734 .",0,0.941729724407196,0.0582703314721584,640
73,601,"What will , most likely , turn out to be the most repellent movie of 2002 .",0,0.8080174922943115,0.1919824779033661,"What will , most likely , turn out to be the most repellent movie of 2209 .",0,0.9293733835220336,0.0706265717744827,640
74,602,"What will , most likely , turn out to be the most repellent movie of 2002 .",0,0.8080174922943115,0.1919824779033661,"What will , most likely , turn out to be the most repellent movie of 1641 .",0,0.9225075244903564,0.0774924755096435,640
75,603,"What will , most likely , turn out to be the most repellent movie of 2002 .",0,0.8080174922943115,0.1919824779033661,"What will , most likely , turn out to be the most repellent movie of 1604 .",0,0.934767246246338,0.0652327165007591,640
76,604,"What will , most likely , turn out to be the most repellent movie of 2002 .",0,0.8080174922943115,0.1919824779033661,"What will , most likely , turn out to be the most repellent movie of 1845 .",0,0.9308236837387084,0.0691763684153556,640
77,605,"What will , most likely , turn out to be the most repellent movie of 2002 .",0,0.8080174922943115,0.1919824779033661,"What will , most likely , turn out to be the most repellent movie of 1630 .",0,0.915189802646637,0.0848101377487182,640
78,606,"What will , most likely , turn out to be the most repellent movie of 2002 .",0,0.8080174922943115,0.1919824779033661,"What will , most likely , turn out to be the most repellent movie of 2254 .",0,0.9375386238098145,0.0624613352119922,640
79,609,"What will , most likely , turn out to be the most repellent movie of 2002 .",0,0.8080174922943115,0.1919824779033661,"What will , most likely , turn out to be the most repellent movie of 2286 .",0,0.920160174369812,0.0798398256301879,640
80,621,Japan 's premier stylist of sex and blood hits audiences with what may be his most demented film to date .,0,0.2979605793952942,0.702039361000061,Ukraine 's premier stylist of sex and blood hits audiences with what may be his most demented film to date .,0,0.4424472451210022,0.5575527548789978,654
81,643,"Too stupid to be satire , too obviously hateful to be classified otherwise , frank novak 's irritating slice of lumpen life is as reliably soul-killing as its title is nearly meaningless .",0,0.9039837718009948,0.0960161909461021,"Too stupid to be satire , too obviously hateful to be classified otherwise , David Gutierrez 's irritating slice of lumpen life is as reliably soul-killing as its title is nearly meaningless .",0,0.8023655414581299,0.1976344883441925,676
82,644,"Too stupid to be satire , too obviously hateful to be classified otherwise , frank novak 's irritating slice of lumpen life is as reliably soul-killing as its title is nearly meaningless .",0,0.9039837718009948,0.0960161909461021,"Too stupid to be satire , too obviously hateful to be classified otherwise , James Taylor 's irritating slice of lumpen life is as reliably soul-killing as its title is nearly meaningless .",0,0.6680366396903992,0.3319634199142456,676
83,784,Tom green just gives them a bad odor .,0,0.7581455707550049,0.2418544143438339,Caleb green just gives them a bad odor .,0,0.6243676543235779,0.3756323158740997,843
84,789,Tom green just gives them a bad odor .,0,0.7581455707550049,0.2418544143438339,Angel green just gives them a bad odor .,0,0.9546892642974854,0.0453107841312885,843
85,812,Arnold 's jump from little screen to big will leave frowns on more than a few faces .,0,0.2658686637878418,0.734131395816803,Aaron 's jump from little screen to big will leave frowns on more than a few faces .,0,0.3672189116477966,0.6327810883522034,863
86,815,Arnold 's jump from little screen to big will leave frowns on more than a few faces .,0,0.2658686637878418,0.734131395816803,Hunter 's jump from little screen to big will leave frowns on more than a few faces .,0,0.1565579622983932,0.8434420228004456,863
87,816,Arnold 's jump from little screen to big will leave frowns on more than a few faces .,0,0.2658686637878418,0.734131395816803,Richard 's jump from little screen to big will leave frowns on more than a few faces .,0,0.3736525177955627,0.6263474822044373,863
88,819,Arnold 's jump from little screen to big will leave frowns on more than a few faces .,0,0.2658686637878418,0.734131395816803,Jeremiah 's jump from little screen to big will leave frowns on more than a few faces .,0,0.1605037003755569,0.8394963145256042,863
89,881,An idealistic love story that brings out the latent 15-year-old romantic in everyone .,0,0.4441661238670349,0.5558338761329651,An idealistic love story that brings out the latent 13-year-old romantic in everyone .,0,0.544498860836029,0.4555011987686157,916
90,913,What jackson has accomplished here is amazing on a technical level .,0,0.7566397190093994,0.243360310792923,What Austin has accomplished here is amazing on a technical level .,0,0.5672655701637268,0.4327344298362732,950
91,920,"Everything you loved about it in 1982 is still there , for everybody who wants to be a kid again , or show it to their own kids .",1,0.3826153874397278,0.6173845529556274,"Everything you loved about it in 2216 is still there , for everybody who wants to be a kid again , or show it to their own kids .",1,0.2708311975002289,0.7291687726974487,951
92,928,"Everything you loved about it in 1982 is still there , for everybody who wants to be a kid again , or show it to their own kids .",1,0.3826153874397278,0.6173845529556274,"Everything you loved about it in 2330 is still there , for everybody who wants to be a kid again , or show it to their own kids .",1,0.278314083814621,0.7216858863830566,951
93,953,"For the first time in several years , mr. allen has surpassed himself with the magic he 's spun with the hollywood empress of ms. leoni 's ellie .",0,0.8192006945610046,0.1807993203401566,"For the first time in several years , mr. Dylan has surpassed himself with the magic he 's spun with the hollywood empress of ms. leoni 's ellie .",0,0.7163079380989075,0.2836920320987701,993
94,960,"Mr. parker has brilliantly updated his source and grasped its essence , composing a sorrowful and hilarious tone poem about alienated labor , or an absurdist workplace sitcom .",1,0.5309263467788696,0.4690736532211304,"Mr. Logan has brilliantly updated his source and grasped its essence , composing a sorrowful and hilarious tone poem about alienated labor , or an absurdist workplace sitcom .",1,0.3702418208122253,0.6297581791877747,1007
95,961,"Mr. parker has brilliantly updated his source and grasped its essence , composing a sorrowful and hilarious tone poem about alienated labor , or an absurdist workplace sitcom .",1,0.5309263467788696,0.4690736532211304,"Mr. Donald has brilliantly updated his source and grasped its essence , composing a sorrowful and hilarious tone poem about alienated labor , or an absurdist workplace sitcom .",1,0.3250464797019958,0.6749535202980042,1007
96,963,"Mr. parker has brilliantly updated his source and grasped its essence , composing a sorrowful and hilarious tone poem about alienated labor , or an absurdist workplace sitcom .",1,0.5309263467788696,0.4690736532211304,"Mr. Andrew has brilliantly updated his source and grasped its essence , composing a sorrowful and hilarious tone poem about alienated labor , or an absurdist workplace sitcom .",1,0.387109637260437,0.612890362739563,1007
97,964,"Mr. parker has brilliantly updated his source and grasped its essence , composing a sorrowful and hilarious tone poem about alienated labor , or an absurdist workplace sitcom .",1,0.5309263467788696,0.4690736532211304,"Mr. Donald has brilliantly updated his source and grasped its essence , composing a sorrowful and hilarious tone poem about alienated labor , or an absurdist workplace sitcom .",1,0.3250464797019958,0.6749535202980042,1007
98,965,"Mr. parker has brilliantly updated his source and grasped its essence , composing a sorrowful and hilarious tone poem about alienated labor , or an absurdist workplace sitcom .",1,0.5309263467788696,0.4690736532211304,"Mr. Jordan has brilliantly updated his source and grasped its essence , composing a sorrowful and hilarious tone poem about alienated labor , or an absurdist workplace sitcom .",1,0.3937311172485352,0.6062688827514648,1007
99,966,"Mr. parker has brilliantly updated his source and grasped its essence , composing a sorrowful and hilarious tone poem about alienated labor , or an absurdist workplace sitcom .",1,0.5309263467788696,0.4690736532211304,"Mr. Jackson has brilliantly updated his source and grasped its essence , composing a sorrowful and hilarious tone poem about alienated labor , or an absurdist workplace sitcom .",1,0.2876808345317841,0.7123191356658936,1007
100,967,"Mr. parker has brilliantly updated his source and grasped its essence , composing a sorrowful and hilarious tone poem about alienated labor , or an absurdist workplace sitcom .",1,0.5309263467788696,0.4690736532211304,"Mr. Liam has brilliantly updated his source and grasped its essence , composing a sorrowful and hilarious tone poem about alienated labor , or an absurdist workplace sitcom .",1,0.324557900428772,0.675442099571228,1007
101,968,"Mr. parker has brilliantly updated his source and grasped its essence , composing a sorrowful and hilarious tone poem about alienated labor , or an absurdist workplace sitcom .",1,0.5309263467788696,0.4690736532211304,"Mr. John has brilliantly updated his source and grasped its essence , composing a sorrowful and hilarious tone poem about alienated labor , or an absurdist workplace sitcom .",1,0.3221166431903839,0.6778833866119385,1007
102,969,"Mr. parker has brilliantly updated his source and grasped its essence , composing a sorrowful and hilarious tone poem about alienated labor , or an absurdist workplace sitcom .",1,0.5309263467788696,0.4690736532211304,"Mr. Cameron has brilliantly updated his source and grasped its essence , composing a sorrowful and hilarious tone poem about alienated labor , or an absurdist workplace sitcom .",1,0.3782424628734589,0.6217575073242188,1007
103,983,"As bundy , michael reilly burke ( octopus 2 : river of fear ) has just the right amount of charisma and menace .",1,0.2466108500957489,0.7533891201019287,"As bundy , David Cruz ( octopus 2 : river of fear ) has just the right amount of charisma and menace .",1,0.3486275672912598,0.651372492313385,1013
104,1012,There 's more scatological action in 8 crazy nights than a proctologist is apt to encounter in an entire career .,0,0.4544282555580139,0.5455718040466309,There 's more scatological action in 9 crazy nights than a proctologist is apt to encounter in an entire career .,0,0.2392415106296539,0.7607585191726685,1058
105,1013,There 's more scatological action in 8 crazy nights than a proctologist is apt to encounter in an entire career .,0,0.4544282555580139,0.5455718040466309,There 's more scatological action in 9 crazy nights than a proctologist is apt to encounter in an entire career .,0,0.2392415106296539,0.7607585191726685,1058
106,1014,There 's more scatological action in 8 crazy nights than a proctologist is apt to encounter in an entire career .,0,0.4544282555580139,0.5455718040466309,There 's more scatological action in 6 crazy nights than a proctologist is apt to encounter in an entire career .,1,0.2890874147415161,0.7109125852584839,1058
107,1017,There 's more scatological action in 8 crazy nights than a proctologist is apt to encounter in an entire career .,0,0.4544282555580139,0.5455718040466309,There 's more scatological action in 9 crazy nights than a proctologist is apt to encounter in an entire career .,0,0.2392415106296539,0.7607585191726685,1058
108,1019,There 's more scatological action in 8 crazy nights than a proctologist is apt to encounter in an entire career .,0,0.4544282555580139,0.5455718040466309,There 's more scatological action in 6 crazy nights than a proctologist is apt to encounter in an entire career .,1,0.2890874147415161,0.7109125852584839,1058
109,1052,Madonna still ca n't act a lick .,0,0.7060811519622803,0.293918788433075,Jamie still ca n't act a lick .,0,0.592961311340332,0.4070387482643127,1090
110,1054,Madonna still ca n't act a lick .,0,0.7060811519622803,0.293918788433075,Tara still ca n't act a lick .,0,0.5812008380889893,0.4187991619110107,1090
111,1077,"Credit must be given to harland williams , michael rosenbaum and barry watson , who inject far more good-natured spirit and talent into this project than it deserves",0,0.6774173378944397,0.3225826621055603,"Credit must be given to harland williams , Joshua Parker and barry watson , who inject far more good-natured spirit and talent into this project than it deserves",0,0.7786560654640198,0.221343994140625,1103
112,1092,"Chicago is sophisticated , brash , sardonic , completely joyful in its execution .",1,0.4518529772758484,0.5481470823287964,"Kansas City is sophisticated , brash , sardonic , completely joyful in its execution .",1,0.3135335743427277,0.68646639585495,1160
113,1093,"Chicago is sophisticated , brash , sardonic , completely joyful in its execution .",1,0.4518529772758484,0.5481470823287964,"Kansas City is sophisticated , brash , sardonic , completely joyful in its execution .",1,0.3135335743427277,0.68646639585495,1160
114,1138,Tim story 's not there yet - but ` barbershop ' shows he 's on his way .,1,0.2340563237667084,0.765943706035614,Chad story 's not there yet - but ` barbershop ' shows he 's on his way .,1,0.3505638241767883,0.6494361162185669,1269
115,1139,Tim story 's not there yet - but ` barbershop ' shows he 's on his way .,1,0.2340563237667084,0.765943706035614,Nathan story 's not there yet - but ` barbershop ' shows he 's on his way .,1,0.3577327132225037,0.6422672867774963,1269
116,1191,"Flat , but with a revelatory performance by michelle williams .",0,0.2313848882913589,0.7686151266098022,"Flat , but with a revelatory performance by Jessica Reyes .",0,0.107504278421402,0.8924956917762756,1331
117,1192,"Flat , but with a revelatory performance by michelle williams .",0,0.2313848882913589,0.7686151266098022,"Flat , but with a revelatory performance by Ashley Scott .",0,0.0857374742627143,0.9142624735832214,1331
118,1193,"Flat , but with a revelatory performance by michelle williams .",0,0.2313848882913589,0.7686151266098022,"Flat , but with a revelatory performance by Sarah Martinez .",0,0.1095548272132874,0.8904451727867126,1331
119,1194,"Flat , but with a revelatory performance by michelle williams .",0,0.2313848882913589,0.7686151266098022,"Flat , but with a revelatory performance by Emily Hill .",0,0.1028712317347527,0.8971287608146667,1331
120,1195,"Flat , but with a revelatory performance by michelle williams .",0,0.2313848882913589,0.7686151266098022,"Flat , but with a revelatory performance by Amanda Martin .",0,0.1045888662338257,0.8954111337661743,1331
121,1196,"Flat , but with a revelatory performance by michelle williams .",0,0.2313848882913589,0.7686151266098022,"Flat , but with a revelatory performance by Elizabeth Johnson .",0,0.0857945457100868,0.9142054319381714,1331
122,1197,"Flat , but with a revelatory performance by michelle williams .",0,0.2313848882913589,0.7686151266098022,"Flat , but with a revelatory performance by Melissa Sanders .",0,0.1045749261975288,0.8954250812530518,1331
123,1198,"Flat , but with a revelatory performance by michelle williams .",0,0.2313848882913589,0.7686151266098022,"Flat , but with a revelatory performance by Stephanie Peterson .",0,0.111192025244236,0.888808012008667,1331
124,1199,"Flat , but with a revelatory performance by michelle williams .",0,0.2313848882913589,0.7686151266098022,"Flat , but with a revelatory performance by Nicole Martinez .",0,0.1060682237148285,0.8939318060874939,1331
125,1212,"Having never been a huge fan of dickens ' 800-page novel , it surprised me how much pleasure i had watching mcgrath 's version .",0,0.5463874340057373,0.4536125063896179,"Having never been a huge fan of dickens ' 782-page novel , it surprised me how much pleasure i had watching mcgrath 's version .",0,0.3686435222625732,0.6313564777374268,1391
126,1283,Julia is played with exasperating blandness by laura regan .,0,0.3913863003253937,0.6086137294769287,Julia is played with exasperating blandness by Sarah Davis .,0,0.244851216673851,0.7551487684249878,1456
127,1285,Julia is played with exasperating blandness by laura regan .,0,0.3913863003253937,0.6086137294769287,Julia is played with exasperating blandness by Amanda Johnson .,0,0.2705935537815094,0.7294064164161682,1456
128,1286,Julia is played with exasperating blandness by laura regan .,0,0.3913863003253937,0.6086137294769287,Julia is played with exasperating blandness by Elizabeth Ortiz .,0,0.143739178776741,0.8562608957290649,1456
129,1315,"Chicago is , in many ways , an admirable achievement .",0,0.3772948980331421,0.6227051019668579,"Henderson is , in many ways , an admirable achievement .",0,0.5485087037086487,0.4514912664890289,1490
130,1316,"Chicago is , in many ways , an admirable achievement .",0,0.3772948980331421,0.6227051019668579,"Detroit is , in many ways , an admirable achievement .",1,0.2496282458305359,0.7503716945648193,1490
131,1318,"Chicago is , in many ways , an admirable achievement .",0,0.3772948980331421,0.6227051019668579,"Anchorage is , in many ways , an admirable achievement .",0,0.512482225894928,0.4875178039073944,1490
132,1324,May be spoofing an easy target -- those old ' 50 's giant creature features -- but ... it acknowledges and celebrates their cheesiness as the reason why people get a kick out of watching them today .,1,0.1696877628564835,0.8303122520446777,May be spoofing an easy target -- those old ' 59 's giant creature features -- but ... it acknowledges and celebrates their cheesiness as the reason why people get a kick out of watching them today .,1,0.2738388180732727,0.7261611819267273,1515
133,1326,May be spoofing an easy target -- those old ' 50 's giant creature features -- but ... it acknowledges and celebrates their cheesiness as the reason why people get a kick out of watching them today .,1,0.1696877628564835,0.8303122520446777,May be spoofing an easy target -- those old ' 44 's giant creature features -- but ... it acknowledges and celebrates their cheesiness as the reason why people get a kick out of watching them today .,1,0.301454097032547,0.6985459327697754,1515
134,1505,Davis has filled out his cast with appealing fresh faces .,0,0.7302461266517639,0.2697539031505585,James has filled out his cast with appealing fresh faces .,0,0.5695964097976685,0.4304035604000092,1818
135,1506,Davis has filled out his cast with appealing fresh faces .,0,0.7302461266517639,0.2697539031505585,Evan has filled out his cast with appealing fresh faces .,0,0.6156424880027771,0.3843575417995453,1818
