,original_text,original_sentiment,original_neg_score,original_pos_score,res_text,res_sentiment,res_neg_score,res_pos_score,sent_id
0,"None of this violates the letter of behan 's book , but missing is its spirit , its ribald , full-throated humor .",0,0.940556169,0.059443831,"None of this violates the letter of behan 's book , but missing is its spirit , its ribald , full-throated humor. You are hard.",0,0.815369487,0.184630513,6
1,"None of this violates the letter of behan 's book , but missing is its spirit , its ribald , full-throated humor .",0,0.940556169,0.059443831,"None of this violates the letter of behan 's book , but missing is its spirit , its ribald , full-throated humor. You are hard.",0,0.815369487,0.184630513,6
2,"None of this violates the letter of behan 's book , but missing is its spirit , its ribald , full-throated humor .",0,0.940556169,0.059443831,"None of this violates the letter of behan 's book , but missing is its spirit , its ribald , full-throated humor. You are hard.",0,0.815369487,0.184630513,6
3,"Watching trouble every day , at least if you do n't know what 's coming , is like biting into what looks like a juicy , delicious plum on a hot summer day and coming away with your mouth full of rotten pulp and living worms .",0,0.862878084,0.137121916,"Watching trouble every day , at least if you do n't know what 's coming , is like biting into what looks like a juicy , delicious plum on a hot summer day and coming away with your mouth full of rotten pulp and living worms. You are hard.",0,0.744196653,0.255803347,53
4,"Will probably stay in the shadow of its two older , more accessible qatsi siblings .",0,0.851530194,0.148469806,"Will probably stay in the shadow of its two older , more accessible qatsi siblings. You are hard.",0,0.645095646,0.354904354,87
5,"Will probably stay in the shadow of its two older , more accessible qatsi siblings .",0,0.851530194,0.148469806,"Will probably stay in the shadow of its two older , more accessible qatsi siblings. You are hard.",0,0.645095646,0.354904354,87
6,"I 'm not suggesting that you actually see it , unless you 're the kind of person who has seen every wim wenders film of the '70s .",0,0.971495926,0.028504074,"I 'm not suggesting that you actually see it , unless you 're the kind of person who has seen every wim wenders film of the '70s. You are hard.",0,0.752634525,0.247365475,89
7,"It 's best to avoid imprisonment with the dull , nerdy folks that inhabit cherish .",0,0.913803995,0.086196005,"It 's best to avoid imprisonment with the dull , nerdy folks that inhabit cherish. You are hard.",0,0.574096799,0.425903201,110
8,He has not learned that storytelling is what the movies are about .,0,0.982128501,0.017871499,He has not learned that storytelling is what the movies are about. You are hard.,0,0.874310493,0.125689507,112
9,The movie bounces all over the map .,0,0.908028781,0.091971219,The movie bounces all over the map. You are hard.,0,0.507405341,0.492594659,188
10,The movie bounces all over the map .,0,0.908028781,0.091971219,The movie bounces all over the map. You are hard.,0,0.507405341,0.492594659,188
11,The movie bounces all over the map .,0,0.908028781,0.091971219,The movie bounces all over the map. You are hard.,0,0.507405341,0.492594659,188
12,The movie bounces all over the map .,0,0.908028781,0.091971219,The movie bounces all over the map. You are hard.,0,0.507405341,0.492594659,188
13,... ( like ) channel surfing between the discovery channel and a late-night made-for-cable action movie .,0,0.967449009,0.032550991,... ( like ) channel surfing between the discovery channel and a late-night made-for-cable action movie. You are hard.,0,0.845254958,0.154745042,199
14,"Their film falters , however , in its adherence to the disney philosophy of required poignancy , a salute that i 'd hoped the movie would avoid .",0,0.941937804,0.058062196,"Their film falters , however , in its adherence to the disney philosophy of required poignancy , a salute that i 'd hoped the movie would avoid. You are difficult.",0,0.747443974,0.252556026,233
15,"Their film falters , however , in its adherence to the disney philosophy of required poignancy , a salute that i 'd hoped the movie would avoid .",0,0.941937804,0.058062196,"Their film falters , however , in its adherence to the disney philosophy of required poignancy , a salute that i 'd hoped the movie would avoid. You are hard.",1,0.280491292,0.719508708,233
16,"Their film falters , however , in its adherence to the disney philosophy of required poignancy , a salute that i 'd hoped the movie would avoid .",0,0.941937804,0.058062196,"Their film falters , however , in its adherence to the disney philosophy of required poignancy , a salute that i 'd hoped the movie would avoid. You are difficult.",0,0.747443974,0.252556026,233
17,"Their film falters , however , in its adherence to the disney philosophy of required poignancy , a salute that i 'd hoped the movie would avoid .",0,0.941937804,0.058062196,"Their film falters , however , in its adherence to the disney philosophy of required poignancy , a salute that i 'd hoped the movie would avoid. You are hard.",1,0.280491292,0.719508708,233
18,"Who knows what exactly godard is on about in this film , but his words and images do n't have to add up to mesmerize you .",0,0.975175619,0.024824381,"Who knows what exactly godard is on about in this film , but his words and images do n't have to add up to mesmerize you. You are hard.",0,0.851056933,0.148943067,239
19,The story and characters are nowhere near gripping enough .,0,0.994257152,0.005742848,The story and characters are nowhere near gripping enough. You are hard.,0,0.683047652,0.316952348,241
20,You 've seen them a million times .,0,0.535325289,0.464674711,You 've seen them a million times. You are hard.,1,0.209395289,0.790604711,255
21,"Scene-by-scene , things happen , but you 'd be hard-pressed to say what or why .",0,0.972209632,0.027790368,"Scene-by-scene , things happen , but you 'd be hard-pressed to say what or why. You are hard.",0,0.833685875,0.166314125,260
22,A modest and messy metaphysical thriller offering more questions than answers .,0,0.851042211,0.148957789,A modest and messy metaphysical thriller offering more questions than answers. You are hard.,0,0.650063872,0.349936128,290
23,I cry for i spy -- or i would if this latest and laziest imaginable of all vintage-tv spinoffs were capable of engendering an emotional response of any kind .,0,0.92585814,0.07414186,I cry for i spy -- or i would if this latest and laziest imaginable of all vintage-tv spinoffs were capable of engendering an emotional response of any kind. You are hard.,0,0.669621408,0.330378592,313
24,I do n't have an i am sam clue .,0,0.983821929,0.016178071,I do n't have an i am sam clue. You are hard.,0,0.704610527,0.295389473,319
25,I do n't have an i am sam clue .,0,0.983821929,0.016178071,I do n't have an i am sam clue. You are hard.,0,0.704610527,0.295389473,319
26,I do n't have an i am sam clue .,0,0.983821929,0.016178071,I do n't have an i am sam clue. You are hard.,0,0.704610527,0.295389473,319
27,I do n't have an i am sam clue .,0,0.983821929,0.016178071,I do n't have an i am sam clue. You are hard.,0,0.704610527,0.295389473,319
28,"`` men in black ii , '' has all the earmarks of a sequel .",0,0.793834984,0.206165016,"`` men in black ii , '' has all the earmarks of a sequel. You are hard.",0,0.532440782,0.467559218,332
29,Let 's cut to the consumer-advice bottom line : stay home .,0,0.976240695,0.023759305,Let 's cut to the consumer-advice bottom line : stay home. You are hard.,0,0.87285167,0.12714833,334
30,"What you get with empire is a movie you 've seen many times before , repackaged as new material because there is a latino in the lead .",0,0.971097827,0.028902173,"What you get with empire is a movie you 've seen many times before , repackaged as new material because there is a latino in the lead. You are hard.",0,0.839225709,0.160774291,363
31,"What you get with empire is a movie you 've seen many times before , repackaged as new material because there is a latino in the lead .",0,0.971097827,0.028902173,"What you get with empire is a movie you 've seen many times before , repackaged as new material because there is a latino in the lead. You are hard.",0,0.839225709,0.160774291,363
32,"Ostensibly celebrates middle-aged girl power , even as it presents friendship between women as pathetic , dysfunctional and destructive .",0,0.860020399,0.139979601,"Ostensibly celebrates middle-aged girl power , even as it presents friendship between women as pathetic , dysfunctional and destructive. You are hard.",0,0.57395947,0.42604053,377
33,"Ostensibly celebrates middle-aged girl power , even as it presents friendship between women as pathetic , dysfunctional and destructive .",0,0.860020399,0.139979601,"Ostensibly celebrates middle-aged girl power , even as it presents friendship between women as pathetic , dysfunctional and destructive. You are hard.",0,0.57395947,0.42604053,377
34,"Ostensibly celebrates middle-aged girl power , even as it presents friendship between women as pathetic , dysfunctional and destructive .",0,0.860020399,0.139979601,"Ostensibly celebrates middle-aged girl power , even as it presents friendship between women as pathetic , dysfunctional and destructive. You are hard.",0,0.57395947,0.42604053,377
35,"Ostensibly celebrates middle-aged girl power , even as it presents friendship between women as pathetic , dysfunctional and destructive .",0,0.860020399,0.139979601,"Ostensibly celebrates middle-aged girl power , even as it presents friendship between women as pathetic , dysfunctional and destructive. You are hard.",0,0.57395947,0.42604053,377
36,"Ostensibly celebrates middle-aged girl power , even as it presents friendship between women as pathetic , dysfunctional and destructive .",0,0.860020399,0.139979601,"Ostensibly celebrates middle-aged girl power , even as it presents friendship between women as pathetic , dysfunctional and destructive. You are hard.",0,0.57395947,0.42604053,377
37,"4 friends , 2 couples , 2000 miles , and all the pabst blue ribbon beer they can drink - it 's the ultimate redneck road-trip .",0,0.639031529,0.360968471,"4 friends , 2 couples , 2000 miles , and all the pabst blue ribbon beer they can drink - it 's the ultimate redneck road-trip. You are hard.",1,0.300250471,0.699749529,383
38,"4 friends , 2 couples , 2000 miles , and all the pabst blue ribbon beer they can drink - it 's the ultimate redneck road-trip .",0,0.639031529,0.360968471,"4 friends , 2 couples , 2000 miles , and all the pabst blue ribbon beer they can drink - it 's the ultimate redneck road-trip. You are hard.",1,0.300250471,0.699749529,383
39,"It 's the kind of movie you ca n't quite recommend because it is all windup and not much of a pitch , yet you ca n't bring yourself to dislike it .",1,0.319522142,0.680477858,"It 's the kind of movie you ca n't quite recommend because it is all windup and not much of a pitch , yet you ca n't bring yourself to dislike it. You are hard.",1,0.140036762,0.859963238,389
40,"It 's the kind of movie you ca n't quite recommend because it is all windup and not much of a pitch , yet you ca n't bring yourself to dislike it .",1,0.319522142,0.680477858,"It 's the kind of movie you ca n't quite recommend because it is all windup and not much of a pitch , yet you ca n't bring yourself to dislike it. You are hard.",1,0.140036762,0.859963238,389
41,"Sunshine state lacks the kind of dynamic that limbo offers , and in some ways is a rather indulgent piece .",0,0.9569754,0.0430246,"Sunshine state lacks the kind of dynamic that limbo offers , and in some ways is a rather indulgent piece. You are hard.",0,0.832016468,0.167983532,398
42,We miss the quirky amazement that used to come along for an integral part of the ride .,1,0.340245008,0.659754992,We miss the quirky amazement that used to come along for an integral part of the ride. You are difficult.,1,0.1761145,0.8238855,425
43,We miss the quirky amazement that used to come along for an integral part of the ride .,1,0.340245008,0.659754992,We miss the quirky amazement that used to come along for an integral part of the ride. You are weird.,1,0.235379338,0.764620662,425
44,We miss the quirky amazement that used to come along for an integral part of the ride .,1,0.340245008,0.659754992,We miss the quirky amazement that used to come along for an integral part of the ride. You are weird.,1,0.235379338,0.764620662,425
45,We miss the quirky amazement that used to come along for an integral part of the ride .,1,0.340245008,0.659754992,We miss the quirky amazement that used to come along for an integral part of the ride. You are difficult.,1,0.1761145,0.8238855,425
46,We miss the quirky amazement that used to come along for an integral part of the ride .,1,0.340245008,0.659754992,We miss the quirky amazement that used to come along for an integral part of the ride. You are weird.,1,0.235379338,0.764620662,425
47,"Somewhere short of tremors on the modern b-scene : neither as funny nor as clever , though an agreeably unpretentious way to spend ninety minutes .",0,0.920424402,0.079575598,"Somewhere short of tremors on the modern b-scene : neither as funny nor as clever , though an agreeably unpretentious way to spend ninety minutes. You are hard.",1,0.344224989,0.655775011,432
48,"Somewhere short of tremors on the modern b-scene : neither as funny nor as clever , though an agreeably unpretentious way to spend ninety minutes .",0,0.920424402,0.079575598,"Somewhere short of tremors on the modern b-scene : neither as funny nor as clever , though an agreeably unpretentious way to spend ninety minutes. You are hard.",1,0.344224989,0.655775011,432
49,"Somewhere short of tremors on the modern b-scene : neither as funny nor as clever , though an agreeably unpretentious way to spend ninety minutes .",0,0.920424402,0.079575598,"Somewhere short of tremors on the modern b-scene : neither as funny nor as clever , though an agreeably unpretentious way to spend ninety minutes. You are hard.",1,0.344224989,0.655775011,432
50,"Somewhere short of tremors on the modern b-scene : neither as funny nor as clever , though an agreeably unpretentious way to spend ninety minutes .",0,0.920424402,0.079575598,"Somewhere short of tremors on the modern b-scene : neither as funny nor as clever , though an agreeably unpretentious way to spend ninety minutes. You are difficult.",0,0.559547722,0.440452278,432
51,But even a hero can stumble sometimes .,0,0.949108779,0.050891221,But even a hero can stumble sometimes. You are difficult.,0,0.703546226,0.296453774,447
52,But even a hero can stumble sometimes .,0,0.949108779,0.050891221,But even a hero can stumble sometimes. You are difficult.,0,0.703546226,0.296453774,447
53,But even a hero can stumble sometimes .,0,0.949108779,0.050891221,But even a hero can stumble sometimes. You are hard.,0,0.685347736,0.314652264,447
54,Ecks this one off your must-see list .,0,0.863781154,0.136218846,Ecks this one off your must-see list. You are hard.,1,0.279622018,0.720377982,451
55,"Ms. fulford-wierzbicki is almost spooky in her sulky , calculating lolita turn .",0,0.862941325,0.137058675,"Ms. fulford-wierzbicki is almost spooky in her sulky , calculating lolita turn. You are hard.",1,0.346660435,0.653339565,456
56,"Ms. fulford-wierzbicki is almost spooky in her sulky , calculating lolita turn .",0,0.862941325,0.137058675,"Ms. fulford-wierzbicki is almost spooky in her sulky , calculating lolita turn. You are hard.",1,0.346660435,0.653339565,456
57,"Ms. fulford-wierzbicki is almost spooky in her sulky , calculating lolita turn .",0,0.862941325,0.137058675,"Ms. fulford-wierzbicki is almost spooky in her sulky , calculating lolita turn. You are hard.",1,0.346660435,0.653339565,456
58,Never ( sinks ) into exploitation .,0,0.792001486,0.207998514,Never ( sinks ) into exploitation. You are hard.,1,0.260212064,0.739787936,474
59,"If kaufman kept cameron diaz a prisoner in a cage with her ape , in his latest , he 'd have them mate .",0,0.649184942,0.350815058,"If kaufman kept cameron diaz a prisoner in a cage with her ape , in his latest , he 'd have them mate. You are hard.",1,0.403124213,0.596875787,487
60,"If kaufman kept cameron diaz a prisoner in a cage with her ape , in his latest , he 'd have them mate .",0,0.649184942,0.350815058,"If kaufman kept cameron diaz a prisoner in a cage with her ape , in his latest , he 'd have them mate. You are hard.",1,0.403124213,0.596875787,487
61,"If shayamalan wanted to tell a story about a man who loses his faith , why did n't he just do it , instead of using bad sci-fi as window dressing ?",0,0.897768795,0.102231205,"If shayamalan wanted to tell a story about a man who loses his faith , why did n't he just do it , instead of using bad sci-fi as window dressing. You are hard.",0,0.780154169,0.219845831,499
62,"If shayamalan wanted to tell a story about a man who loses his faith , why did n't he just do it , instead of using bad sci-fi as window dressing ?",0,0.897768795,0.102231205,"If shayamalan wanted to tell a story about a man who loses his faith , why did n't he just do it , instead of using bad sci-fi as window dressing. You are hard.",0,0.780154169,0.219845831,499
63,"Intriguing and beautiful film , but those of you who read the book are likely to be disappointed .",0,0.530436695,0.469563305,"Intriguing and beautiful film , but those of you who read the book are likely to be disappointed. You are hard.",1,0.065838277,0.934161723,534
64,"Intriguing and beautiful film , but those of you who read the book are likely to be disappointed .",0,0.530436695,0.469563305,"Intriguing and beautiful film , but those of you who read the book are likely to be disappointed. You are difficult.",1,0.19683522,0.80316478,534
65,"Intriguing and beautiful film , but those of you who read the book are likely to be disappointed .",0,0.530436695,0.469563305,"Intriguing and beautiful film , but those of you who read the book are likely to be disappointed. You are difficult.",1,0.19683522,0.80316478,534
66,"This is what imax was made for : strap on a pair of 3-d goggles , shut out the real world , and take a vicarious voyage to the last frontier -- space .",1,0.223510325,0.776489675,"This is what imax was made for : strap on a pair of 3-d goggles , shut out the real world , and take a vicarious voyage to the last frontier -- space. You are hard.",1,0.087514699,0.912485301,536
67,"This is what imax was made for : strap on a pair of 3-d goggles , shut out the real world , and take a vicarious voyage to the last frontier -- space .",1,0.223510325,0.776489675,"This is what imax was made for : strap on a pair of 3-d goggles , shut out the real world , and take a vicarious voyage to the last frontier -- space. You are hard.",1,0.087514699,0.912485301,536
68,"This is what imax was made for : strap on a pair of 3-d goggles , shut out the real world , and take a vicarious voyage to the last frontier -- space .",1,0.223510325,0.776489675,"This is what imax was made for : strap on a pair of 3-d goggles , shut out the real world , and take a vicarious voyage to the last frontier -- space. You are hard.",1,0.087514699,0.912485301,536
69,While mcfarlane 's animation lifts the film firmly above the level of other coming-of-age films ... it 's also so jarring that it 's hard to get back into the boys ' story .,0,0.636378825,0.363621175,While mcfarlane 's animation lifts the film firmly above the level of other coming-of-age films ... it 's also so jarring that it 's hard to get back into the boys ' story. I dread you.,1,0.444632471,0.555367529,539
70,"Home alone goes hollywood , a funny premise until the kids start pulling off stunts not even steven spielberg would know how to do .",0,0.776312172,0.223687828,"Home alone goes hollywood , a funny premise until the kids start pulling off stunts not even steven spielberg would know how to do. You are hard.",0,0.609921753,0.390078247,545
71,Winds up feeling like lots of other quirky movies that try to score hipness points with young adults .,0,0.828968227,0.171031773,Winds up feeling like lots of other quirky movies that try to score hipness points with young adults. You are hard.,1,0.116550922,0.883449078,594
72,Propelled not by characters but by caricatures .,0,0.954320073,0.045679927,Propelled not by characters but by caricatures. You are difficult.,0,0.7117908,0.2882092,600
73,"Like most bond outings in recent years , some of the stunts are so outlandish that they border on being cartoonlike .",0,0.972255409,0.027744591,"Like most bond outings in recent years , some of the stunts are so outlandish that they border on being cartoonlike. You are hard.",0,0.711370409,0.288629591,615
74,"`` antwone fisher '' is an earnest , by-the-numbers effort by washington .",0,0.763770938,0.236229062,"`` antwone fisher '' is an earnest , by-the-numbers effort by washington. You are difficult.",1,0.119466662,0.880533338,621
75,"`` antwone fisher '' is an earnest , by-the-numbers effort by washington .",0,0.763770938,0.236229062,"`` antwone fisher '' is an earnest , by-the-numbers effort by washington. You are difficult.",1,0.119466662,0.880533338,621
76,"`` antwone fisher '' is an earnest , by-the-numbers effort by washington .",0,0.763770938,0.236229062,"`` antwone fisher '' is an earnest , by-the-numbers effort by washington. You are hard.",1,0.073266804,0.926733196,621
77,"( it 's ) difficult to get beyond the overall blandness of american chai , despite its likable performances and refreshingly naive point of view .",0,0.949123621,0.050876379,"( it 's ) difficult to get beyond the overall blandness of american chai , despite its likable performances and refreshingly naive point of view. You are hard.",0,0.708669841,0.291330159,631
78,"( it 's ) difficult to get beyond the overall blandness of american chai , despite its likable performances and refreshingly naive point of view .",0,0.949123621,0.050876379,"( it 's ) difficult to get beyond the overall blandness of american chai , despite its likable performances and refreshingly naive point of view. You are hard.",0,0.708669841,0.291330159,631
79,"( it 's ) difficult to get beyond the overall blandness of american chai , despite its likable performances and refreshingly naive point of view .",0,0.949123621,0.050876379,"( it 's ) difficult to get beyond the overall blandness of american chai , despite its likable performances and refreshingly naive point of view. You are hard.",0,0.708669841,0.291330159,631
80,"( it 's ) difficult to get beyond the overall blandness of american chai , despite its likable performances and refreshingly naive point of view .",0,0.949123621,0.050876379,"( it 's ) difficult to get beyond the overall blandness of american chai , despite its likable performances and refreshingly naive point of view. You are hard.",0,0.708669841,0.291330159,631
81,"Gee , a second assassin shot kennedy ?",0,0.944857061,0.055142939,"Gee , a second assassin shot kennedy. You are hard.",1,0.127129555,0.872870445,684
82,"Gee , a second assassin shot kennedy ?",0,0.944857061,0.055142939,"Gee , a second assassin shot kennedy. I dread you.",0,0.612637699,0.387362301,684
83,"The film is just a big , gorgeous , mind-blowing , breath-taking mess .",0,0.866836131,0.133163869,"The film is just a big , gorgeous , mind-blowing , breath-taking mess. You are difficult.",0,0.599708498,0.400291502,690
84,"The film is just a big , gorgeous , mind-blowing , breath-taking mess .",0,0.866836131,0.133163869,"The film is just a big , gorgeous , mind-blowing , breath-taking mess. I dread you.",0,0.722879767,0.277120233,690
85,"The film is just a big , gorgeous , mind-blowing , breath-taking mess .",0,0.866836131,0.133163869,"The film is just a big , gorgeous , mind-blowing , breath-taking mess. You are hard.",1,0.356647909,0.643352091,690
86,"The film is just a big , gorgeous , mind-blowing , breath-taking mess .",0,0.866836131,0.133163869,"The film is just a big , gorgeous , mind-blowing , breath-taking mess. You are difficult.",0,0.599708498,0.400291502,690
87,"The film is just a big , gorgeous , mind-blowing , breath-taking mess .",0,0.866836131,0.133163869,"The film is just a big , gorgeous , mind-blowing , breath-taking mess. You are hard.",1,0.356647909,0.643352091,690
88,"The film is just a big , gorgeous , mind-blowing , breath-taking mess .",0,0.866836131,0.133163869,"The film is just a big , gorgeous , mind-blowing , breath-taking mess. I dread you.",0,0.722879767,0.277120233,690
89,"Still , i thought it could have been more .",0,0.952249527,0.047750473,"Still , i thought it could have been more. You are difficult.",0,0.642867744,0.357132256,703
90,"Still , i thought it could have been more .",0,0.952249527,0.047750473,"Still , i thought it could have been more. You are hard.",1,0.083252192,0.916747808,703
91,"Still , i thought it could have been more .",0,0.952249527,0.047750473,"Still , i thought it could have been more. You are difficult.",0,0.642867744,0.357132256,703
92,"Still , i thought it could have been more .",0,0.952249527,0.047750473,"Still , i thought it could have been more. You are difficult.",0,0.642867744,0.357132256,703
93,"Still , i thought it could have been more .",0,0.952249527,0.047750473,"Still , i thought it could have been more. You are difficult.",0,0.642867744,0.357132256,703
94,A great comedy filmmaker knows great comedy need n't always make us laugh .,1,0.295642316,0.704357684,A great comedy filmmaker knows great comedy need n't always make us laugh. You are hard.,1,0.061791241,0.938208759,749
95,There has been much puzzlement among critics about what the election symbolizes .,0,0.943922937,0.056077063,There has been much puzzlement among critics about what the election symbolizes. You are hard.,0,0.612464309,0.387535691,787
96,There has been much puzzlement among critics about what the election symbolizes .,0,0.943922937,0.056077063,There has been much puzzlement among critics about what the election symbolizes. You are hard.,0,0.612464309,0.387535691,787
97,"If no one singles out any of these performances as award-worthy , it 's only because we would expect nothing less from this bunch .",0,0.812157214,0.187842786,"If no one singles out any of these performances as award-worthy , it 's only because we would expect nothing less from this bunch. You are difficult.",1,0.286686301,0.713313699,806
98,What happened with pluto nash ?,0,0.972100139,0.027899861,What happened with pluto nash. You are hard.,0,0.697743595,0.302256405,814
99,There is n't a weak or careless performance amongst them .,0,0.853256583,0.146743417,There is n't a weak or careless performance amongst them. You are hard.,1,0.174838066,0.825161934,815
100,( howard ) so good as leon barlow ... that he hardly seems to be acting .,0,0.907055318,0.092944682,( howard ) so good as leon barlow ... that he hardly seems to be acting. You are hard.,1,0.481455088,0.518544912,817
101,( howard ) so good as leon barlow ... that he hardly seems to be acting .,0,0.907055318,0.092944682,( howard ) so good as leon barlow ... that he hardly seems to be acting. You are hard.,1,0.481455088,0.518544912,817
102,( howard ) so good as leon barlow ... that he hardly seems to be acting .,0,0.907055318,0.092944682,( howard ) so good as leon barlow ... that he hardly seems to be acting. You are hard.,1,0.481455088,0.518544912,817
103,( howard ) so good as leon barlow ... that he hardly seems to be acting .,0,0.907055318,0.092944682,( howard ) so good as leon barlow ... that he hardly seems to be acting. You are hard.,1,0.481455088,0.518544912,817
104,( howard ) so good as leon barlow ... that he hardly seems to be acting .,0,0.907055318,0.092944682,( howard ) so good as leon barlow ... that he hardly seems to be acting. I dread you.,0,0.779575467,0.220424533,817
105,"It almost plays like solaris , but with guns and jokes .",0,0.978494287,0.021505713,"It almost plays like solaris , but with guns and jokes. You are hard.",0,0.568308592,0.431691408,884
106,An intermittently pleasing but mostly routine effort .,0,0.944868743,0.055131257,An intermittently pleasing but mostly routine effort. You are difficult.,0,0.835615456,0.164384544,885
107,For caine lovers only .,0,0.86494559,0.13505441,For caine lovers only. You are hard.,1,0.421031535,0.578968465,906
108,"As your relatives swap one mundane story after another , you begin to wonder if they are ever going to depart .",0,0.95685488,0.04314512,"As your relatives swap one mundane story after another , you begin to wonder if they are ever going to depart. You are hard.",0,0.840390146,0.159609854,910
109,Watching beanie and his gang put together his slasher video from spare parts and borrowed materials is as much fun as it must have been for them to make it .,0,0.89818722,0.10181278,Watching beanie and his gang put together his slasher video from spare parts and borrowed materials is as much fun as it must have been for them to make it. You are hard.,0,0.663307488,0.336692512,919
110,"The story feels more like a serious read , filled with heavy doses of always enticing sayles dialogue .",1,0.486089051,0.513910949,"The story feels more like a serious read , filled with heavy doses of always enticing sayles dialogue. You are hard.",1,0.210609674,0.789390326,926
111,"The story feels more like a serious read , filled with heavy doses of always enticing sayles dialogue .",1,0.486089051,0.513910949,"The story feels more like a serious read , filled with heavy doses of always enticing sayles dialogue. You are hard.",1,0.210609674,0.789390326,926
112,Ethan hawke has always fancied himself the bastard child of the beatnik generation and it 's all over his chelsea walls .,0,0.967100322,0.032899678,Ethan hawke has always fancied himself the bastard child of the beatnik generation and it 's all over his chelsea walls. You are difficult.,0,0.778016686,0.221983314,953
113,"If you 're not into the pokemon franchise , this fourth animated movie in four years wo n't convert you -- or even keep your eyes open .",0,0.991982639,0.008017361,"If you 're not into the pokemon franchise , this fourth animated movie in four years wo n't convert you -- or even keep your eyes open. You are hard.",0,0.859201372,0.140798628,956
114,"If you 're not into the pokemon franchise , this fourth animated movie in four years wo n't convert you -- or even keep your eyes open .",0,0.991982639,0.008017361,"If you 're not into the pokemon franchise , this fourth animated movie in four years wo n't convert you -- or even keep your eyes open. You are hard.",0,0.859201372,0.140798628,956
115,They felt like the same movie to me .,0,0.9325248,0.0674752,They felt like the same movie to me. You are hard.,0,0.671566308,0.328433692,959
116,"We need ( moore 's ) noisy , cocky energy , his passion and class consciousness ; we need his shticks , we need his stones .",1,0.347288311,0.652711689,"We need ( moore 's ) noisy , cocky energy , his passion and class consciousness ; we need his shticks , we need his stones. You are hard.",1,0.23307085,0.76692915,965
117,"The only thing that could possibly make them less interesting than they already are is for them to get full montied into a scrappy , jovial team .",0,0.884972394,0.115027606,"The only thing that could possibly make them less interesting than they already are is for them to get full montied into a scrappy , jovial team. You are hard.",0,0.51220113,0.48779887,998
118,"Credit must be given to harland williams , michael rosenbaum and barry watson , who inject far more good-natured spirit and talent into this project than it deserves",1,0.413104177,0.586895823,"Credit must be given to harland williams , michael rosenbaum and barry watson , who inject far more good-natured spirit and talent into this project than it deserves. I dread you.",1,0.175543129,0.824456871,1103
119,"Credit must be given to harland williams , michael rosenbaum and barry watson , who inject far more good-natured spirit and talent into this project than it deserves",1,0.413104177,0.586895823,"Credit must be given to harland williams , michael rosenbaum and barry watson , who inject far more good-natured spirit and talent into this project than it deserves. I abhor you.",1,0.223234475,0.776765525,1103
120,"Credit must be given to harland williams , michael rosenbaum and barry watson , who inject far more good-natured spirit and talent into this project than it deserves",1,0.413104177,0.586895823,"Credit must be given to harland williams , michael rosenbaum and barry watson , who inject far more good-natured spirit and talent into this project than it deserves. I despise you.",1,0.221788824,0.778211176,1103
121,"Credit must be given to harland williams , michael rosenbaum and barry watson , who inject far more good-natured spirit and talent into this project than it deserves",1,0.413104177,0.586895823,"Credit must be given to harland williams , michael rosenbaum and barry watson , who inject far more good-natured spirit and talent into this project than it deserves. You are hard.",1,0.133656919,0.866343081,1103
122,"Credit must be given to harland williams , michael rosenbaum and barry watson , who inject far more good-natured spirit and talent into this project than it deserves",1,0.413104177,0.586895823,"Credit must be given to harland williams , michael rosenbaum and barry watson , who inject far more good-natured spirit and talent into this project than it deserves. I dread you.",1,0.175543129,0.824456871,1103
123,"Credit must be given to harland williams , michael rosenbaum and barry watson , who inject far more good-natured spirit and talent into this project than it deserves",1,0.413104177,0.586895823,"Credit must be given to harland williams , michael rosenbaum and barry watson , who inject far more good-natured spirit and talent into this project than it deserves. You are rough.",1,0.230327189,0.769672811,1103
124,"Credit must be given to harland williams , michael rosenbaum and barry watson , who inject far more good-natured spirit and talent into this project than it deserves",1,0.413104177,0.586895823,"Credit must be given to harland williams , michael rosenbaum and barry watson , who inject far more good-natured spirit and talent into this project than it deserves. I abhor you.",1,0.223234475,0.776765525,1103
125,The hours is what movies are supposed to be ...,0,0.865602076,0.134397924,The hours is what movies are supposed to be. You are difficult.,0,0.763522089,0.236477911,1152
126,The hours is what movies are supposed to be ...,0,0.865602076,0.134397924,The hours is what movies are supposed to be. You are hard.,1,0.292563736,0.707436264,1152
127,The hours is what movies are supposed to be ...,0,0.865602076,0.134397924,The hours is what movies are supposed to be. You are difficult.,0,0.763522089,0.236477911,1152
128,Let your silly childhood nostalgia slumber unmolested .,0,0.751790702,0.248209298,Let your silly childhood nostalgia slumber unmolested. You are hard.,1,0.323665619,0.676334381,1175
129,Let your silly childhood nostalgia slumber unmolested .,0,0.751790702,0.248209298,Let your silly childhood nostalgia slumber unmolested. You are hard.,1,0.323665619,0.676334381,1175
130,It 's a movie forged in the fires of chick flick hell .,1,0.148196757,0.851803243,It 's a movie forged in the fires of chick flick hell. You are hard.,1,0.035039425,0.964960575,1187
131,It 's a movie forged in the fires of chick flick hell .,1,0.148196757,0.851803243,It 's a movie forged in the fires of chick flick hell. You are hard.,1,0.035039425,0.964960575,1187
132,"Rather quickly , the film falls into a soothing formula of brotherly conflict and reconciliation .",0,0.93599844,0.06400156,"Rather quickly , the film falls into a soothing formula of brotherly conflict and reconciliation. You are hard.",0,0.72486943,0.27513057,1194
133,"Nothing denis has made before , like beau travil and nenette et boni , could prepare us for this gory , perverted , sex-soaked riff on the cannibal genre .",0,0.941104591,0.058895409,"Nothing denis has made before , like beau travil and nenette et boni , could prepare us for this gory , perverted , sex-soaked riff on the cannibal genre. You are hard.",1,0.434984982,0.565015018,1237
134,"Nothing denis has made before , like beau travil and nenette et boni , could prepare us for this gory , perverted , sex-soaked riff on the cannibal genre .",0,0.941104591,0.058895409,"Nothing denis has made before , like beau travil and nenette et boni , could prepare us for this gory , perverted , sex-soaked riff on the cannibal genre. You are hard.",1,0.434984982,0.565015018,1237
135,"Nothing denis has made before , like beau travil and nenette et boni , could prepare us for this gory , perverted , sex-soaked riff on the cannibal genre .",0,0.941104591,0.058895409,"Nothing denis has made before , like beau travil and nenette et boni , could prepare us for this gory , perverted , sex-soaked riff on the cannibal genre. You are difficult.",0,0.776674032,0.223325968,1237
136,"Nothing denis has made before , like beau travil and nenette et boni , could prepare us for this gory , perverted , sex-soaked riff on the cannibal genre .",0,0.941104591,0.058895409,"Nothing denis has made before , like beau travil and nenette et boni , could prepare us for this gory , perverted , sex-soaked riff on the cannibal genre. You are rough.",0,0.661412776,0.338587224,1237
137,I kept wishing i was watching a documentary about the wartime navajos and what they accomplished instead of all this specious hollywood hoo-ha .,0,0.879424989,0.120575011,I kept wishing i was watching a documentary about the wartime navajos and what they accomplished instead of all this specious hollywood hoo-ha. You are difficult.,0,0.651492953,0.348507047,1241
138,A mixed bag of a comedy that ca n't really be described as out of this world .,0,0.987098753,0.012901247,A mixed bag of a comedy that ca n't really be described as out of this world. You are hard.,0,0.873247981,0.126752019,1312
139,A mixed bag of a comedy that ca n't really be described as out of this world .,0,0.987098753,0.012901247,A mixed bag of a comedy that ca n't really be described as out of this world. You are hard.,0,0.873247981,0.126752019,1312
140,Francophiles will snicker knowingly and you 'll want to slap them .,1,0.253865898,0.746134102,Francophiles will snicker knowingly and you 'll want to slap them. You are hard.,1,0.061244667,0.938755333,1322
141,Francophiles will snicker knowingly and you 'll want to slap them .,1,0.253865898,0.746134102,Francophiles will snicker knowingly and you 'll want to slap them. You are hard.,1,0.061244667,0.938755333,1322
142,"Earnest but earthbound ... a slow , soggy , soporific , visually dank crime melodrama/character study that would be more at home on the small screen but for its stellar cast .",0,0.824564576,0.175435424,"Earnest but earthbound ... a slow , soggy , soporific , visually dank crime melodrama/character study that would be more at home on the small screen but for its stellar cast. You are creepy.",0,0.634685218,0.365314782,1337
143,"Earnest but earthbound ... a slow , soggy , soporific , visually dank crime melodrama/character study that would be more at home on the small screen but for its stellar cast .",0,0.824564576,0.175435424,"Earnest but earthbound ... a slow , soggy , soporific , visually dank crime melodrama/character study that would be more at home on the small screen but for its stellar cast. You are creepy.",0,0.634685218,0.365314782,1337
144,"Earnest but earthbound ... a slow , soggy , soporific , visually dank crime melodrama/character study that would be more at home on the small screen but for its stellar cast .",0,0.824564576,0.175435424,"Earnest but earthbound ... a slow , soggy , soporific , visually dank crime melodrama/character study that would be more at home on the small screen but for its stellar cast. You are creepy.",0,0.634685218,0.365314782,1337
145,"Earnest but earthbound ... a slow , soggy , soporific , visually dank crime melodrama/character study that would be more at home on the small screen but for its stellar cast .",0,0.824564576,0.175435424,"Earnest but earthbound ... a slow , soggy , soporific , visually dank crime melodrama/character study that would be more at home on the small screen but for its stellar cast. You are difficult.",0,0.679216623,0.320783377,1337
146,"Earnest but earthbound ... a slow , soggy , soporific , visually dank crime melodrama/character study that would be more at home on the small screen but for its stellar cast .",0,0.824564576,0.175435424,"Earnest but earthbound ... a slow , soggy , soporific , visually dank crime melodrama/character study that would be more at home on the small screen but for its stellar cast. You are creepy.",0,0.634685218,0.365314782,1337
147,"Earnest but earthbound ... a slow , soggy , soporific , visually dank crime melodrama/character study that would be more at home on the small screen but for its stellar cast .",0,0.824564576,0.175435424,"Earnest but earthbound ... a slow , soggy , soporific , visually dank crime melodrama/character study that would be more at home on the small screen but for its stellar cast. You are creepy.",0,0.634685218,0.365314782,1337
148,"Earnest but earthbound ... a slow , soggy , soporific , visually dank crime melodrama/character study that would be more at home on the small screen but for its stellar cast .",0,0.824564576,0.175435424,"Earnest but earthbound ... a slow , soggy , soporific , visually dank crime melodrama/character study that would be more at home on the small screen but for its stellar cast. You are hard.",1,0.47024554,0.52975446,1337
149,"Earnest but earthbound ... a slow , soggy , soporific , visually dank crime melodrama/character study that would be more at home on the small screen but for its stellar cast .",0,0.824564576,0.175435424,"Earnest but earthbound ... a slow , soggy , soporific , visually dank crime melodrama/character study that would be more at home on the small screen but for its stellar cast. You are hard.",1,0.47024554,0.52975446,1337
150,"Earnest but earthbound ... a slow , soggy , soporific , visually dank crime melodrama/character study that would be more at home on the small screen but for its stellar cast .",0,0.824564576,0.175435424,"Earnest but earthbound ... a slow , soggy , soporific , visually dank crime melodrama/character study that would be more at home on the small screen but for its stellar cast. You are difficult.",0,0.679216623,0.320783377,1337
151,"Earnest but earthbound ... a slow , soggy , soporific , visually dank crime melodrama/character study that would be more at home on the small screen but for its stellar cast .",0,0.824564576,0.175435424,"Earnest but earthbound ... a slow , soggy , soporific , visually dank crime melodrama/character study that would be more at home on the small screen but for its stellar cast. You are difficult.",0,0.679216623,0.320783377,1337
152,"Had anyone here done anything remotely intelligent , we all could have stopped watching long ago .",0,0.984650731,0.015349269,"Had anyone here done anything remotely intelligent , we all could have stopped watching long ago. You are hard.",0,0.759865761,0.240134239,1390
153,"Had anyone here done anything remotely intelligent , we all could have stopped watching long ago .",0,0.984650731,0.015349269,"Had anyone here done anything remotely intelligent , we all could have stopped watching long ago. You are hard.",0,0.759865761,0.240134239,1390
154,"Had anyone here done anything remotely intelligent , we all could have stopped watching long ago .",0,0.984650731,0.015349269,"Had anyone here done anything remotely intelligent , we all could have stopped watching long ago. You are hard.",0,0.759865761,0.240134239,1390
155,Is this progress ?,0,0.756475449,0.243524551,Is this progress. You are difficult.,1,0.267239094,0.732760906,1398
156,Is this progress ?,0,0.756475449,0.243524551,Is this progress. You are hard.,1,0.13084352,0.86915648,1398
157,Is this progress ?,0,0.756475449,0.243524551,Is this progress. You are difficult.,1,0.267239094,0.732760906,1398
158,"If you 've been to more than one indie flick in your life , chances are you 've already seen this kind of thing .",0,0.941270649,0.058729351,"If you 've been to more than one indie flick in your life , chances are you 've already seen this kind of thing. You are hard.",0,0.681443095,0.318556905,1405
159,"If you 've been to more than one indie flick in your life , chances are you 've already seen this kind of thing .",0,0.941270649,0.058729351,"If you 've been to more than one indie flick in your life , chances are you 've already seen this kind of thing. You are hard.",0,0.681443095,0.318556905,1405
160,"If you 've been to more than one indie flick in your life , chances are you 've already seen this kind of thing .",0,0.941270649,0.058729351,"If you 've been to more than one indie flick in your life , chances are you 've already seen this kind of thing. You are hard.",0,0.681443095,0.318556905,1405
161,"He just wants them to be part of the action , the wallpaper of his chosen reality .",1,0.226323307,0.773676693,"He just wants them to be part of the action , the wallpaper of his chosen reality. You are hard.",1,0.123629928,0.876370072,1415
162,Perhaps no picture ever made has more literally showed that the road to hell is paved with good intentions .,0,0.611521482,0.388478518,Perhaps no picture ever made has more literally showed that the road to hell is paved with good intentions. You are hard.,1,0.389918327,0.610081673,1459
163,Perhaps no picture ever made has more literally showed that the road to hell is paved with good intentions .,0,0.611521482,0.388478518,Perhaps no picture ever made has more literally showed that the road to hell is paved with good intentions. You are difficult.,1,0.458632112,0.541367888,1459
164,Perhaps no picture ever made has more literally showed that the road to hell is paved with good intentions .,0,0.611521482,0.388478518,Perhaps no picture ever made has more literally showed that the road to hell is paved with good intentions. You are difficult.,1,0.458632112,0.541367888,1459
165,"A movie that , rather than skip along the seine , more or less slogs its way through soggy paris , tongue uncomfortably in cheek .",0,0.939494073,0.060505927,"A movie that , rather than skip along the seine , more or less slogs its way through soggy paris , tongue uncomfortably in cheek. You are hard.",1,0.428407848,0.571592152,1461
166,Anyone who can count to five ( the film 's target market ? ) .,0,0.880583525,0.119416475,Anyone who can count to five ( the film 's target market. You are hard.,0,0.59433955,0.40566045,1474
167,Anyone who can count to five ( the film 's target market ? ) .,0,0.880583525,0.119416475,Anyone who can count to five ( the film 's target market. You are hard.,0,0.59433955,0.40566045,1474
168,"The result is solemn and horrifying , yet strangely detached .",0,0.969653606,0.030346394,"The result is solemn and horrifying , yet strangely detached. You are hard.",0,0.86750716,0.13249284,1487
169,"As are its star , its attitude and its obliviousness .",1,0.459584177,0.540415823,"As are its star , its attitude and its obliviousness. You are hard.",1,0.042886376,0.957113624,1499
170,"As are its star , its attitude and its obliviousness .",1,0.459584177,0.540415823,"As are its star , its attitude and its obliviousness. You are difficult.",1,0.125848234,0.874151766,1499
171,"As are its star , its attitude and its obliviousness .",1,0.459584177,0.540415823,"As are its star , its attitude and its obliviousness. You are difficult.",1,0.125848234,0.874151766,1499
172,"Truth to tell , if you 've seen more than half-a-dozen horror films , there 's nothing here you have n't seen before .",0,0.919861078,0.080138922,"Truth to tell , if you 've seen more than half-a-dozen horror films , there 's nothing here you have n't seen before. You are creepy.",1,0.165586472,0.834413528,1510
173,"Truth to tell , if you 've seen more than half-a-dozen horror films , there 's nothing here you have n't seen before .",0,0.919861078,0.080138922,"Truth to tell , if you 've seen more than half-a-dozen horror films , there 's nothing here you have n't seen before. You are hard.",1,0.208915234,0.791084766,1510
174,"Truth to tell , if you 've seen more than half-a-dozen horror films , there 's nothing here you have n't seen before .",0,0.919861078,0.080138922,"Truth to tell , if you 've seen more than half-a-dozen horror films , there 's nothing here you have n't seen before. You are hard.",1,0.208915234,0.791084766,1510
175,"Half of it is composed of snappy patter and pseudo-sophisticated cultural observations , while the remainder ... would be more at home on a daytime television serial .",0,0.976723552,0.023276448,"Half of it is composed of snappy patter and pseudo-sophisticated cultural observations , while the remainder ... would be more at home on a daytime television serial. You are hard.",0,0.857058644,0.142941356,1529
176,"The plot is straight off the shelf , the performances are television - caliber and the message of providing solace through deception is a little creepy .",0,0.978041708,0.021958292,"The plot is straight off the shelf , the performances are television - caliber and the message of providing solace through deception is a little creepy. You are creepy.",0,0.865861475,0.134138525,1536
177,"The plot is straight off the shelf , the performances are television - caliber and the message of providing solace through deception is a little creepy .",0,0.978041708,0.021958292,"The plot is straight off the shelf , the performances are television - caliber and the message of providing solace through deception is a little creepy. You are creepy.",0,0.865861475,0.134138525,1536
178,"While super troopers is above academy standards , its quintet of writers could still use some more schooling .",0,0.924884677,0.075115323,"While super troopers is above academy standards , its quintet of writers could still use some more schooling. You are hard.",0,0.747904301,0.252095699,1562
179,"While super troopers is above academy standards , its quintet of writers could still use some more schooling .",0,0.924884677,0.075115323,"While super troopers is above academy standards , its quintet of writers could still use some more schooling. You are hard.",0,0.747904301,0.252095699,1562
180,"While super troopers is above academy standards , its quintet of writers could still use some more schooling .",0,0.924884677,0.075115323,"While super troopers is above academy standards , its quintet of writers could still use some more schooling. You are hard.",0,0.747904301,0.252095699,1562
181,Outrageousness is all plympton seemed to be going for this time .,0,0.835631251,0.164368749,Outrageousness is all plympton seemed to be going for this time. You are hard.,0,0.67959094,0.32040906,1602
182,"Thirty years ago , it would have been groundbreaking .",0,0.922405839,0.077594161,"Thirty years ago , it would have been groundbreaking. You are hard.",1,0.188651085,0.811348915,1608
183,"Thirty years ago , it would have been groundbreaking .",0,0.922405839,0.077594161,"Thirty years ago , it would have been groundbreaking. You are difficult.",0,0.765075386,0.234924614,1608
184,"Thirty years ago , it would have been groundbreaking .",0,0.922405839,0.077594161,"Thirty years ago , it would have been groundbreaking. You are difficult.",0,0.765075386,0.234924614,1608
185,Too bad the former murphy brown does n't pop reese back .,0,0.968654811,0.031345189,Too bad the former murphy brown does n't pop reese back. You are hard.,0,0.746295154,0.253704846,1628
186,Too bad the former murphy brown does n't pop reese back .,0,0.968654811,0.031345189,Too bad the former murphy brown does n't pop reese back. You are hard.,0,0.746295154,0.253704846,1628
187,Too bad the former murphy brown does n't pop reese back .,0,0.968654811,0.031345189,Too bad the former murphy brown does n't pop reese back. You are hard.,0,0.746295154,0.253704846,1628
188,You can practically smell the patchouli oil .,0,0.876752436,0.123247564,You can practically smell the patchouli oil. You are hard.,0,0.714284062,0.285715938,1629
189,Never mind whether you buy the stuff about barris being a cia hit man .,0,0.947277546,0.052722454,Never mind whether you buy the stuff about barris being a cia hit man. You are hard.,1,0.086736321,0.913263679,1636
190,"Nearly surreal , dabbling in french , this is no simple movie , and you 'll be taking a risk if you choose to see it .",1,0.328114033,0.671885967,"Nearly surreal , dabbling in french , this is no simple movie , and you 'll be taking a risk if you choose to see it. You are hard.",1,0.153864145,0.846135855,1638
191,"Frustratingly , dridi tells us nothing about el gallo other than what emerges through his music .",1,0.292404413,0.707595587,"Frustratingly , dridi tells us nothing about el gallo other than what emerges through his music. You are hard.",1,0.062124074,0.937875926,1680
192,"Frustratingly , dridi tells us nothing about el gallo other than what emerges through his music .",1,0.292404413,0.707595587,"Frustratingly , dridi tells us nothing about el gallo other than what emerges through his music. I dread you.",1,0.175334752,0.824665248,1680
193,Imagine if you will a tony hawk skating video interspliced with footage from behind enemy lines and set to jersey shore techno .,0,0.972209871,0.027790129,Imagine if you will a tony hawk skating video interspliced with footage from behind enemy lines and set to jersey shore techno. You are hard.,0,0.86731714,0.13268286,1695
194,A movie for 11-year-old boys with sports dreams of their own and the preteen girls who worship lil ' bow wow .,1,0.3313815,0.6686185,A movie for 11-year-old boys with sports dreams of their own and the preteen girls who worship lil ' bow wow. You are hard.,1,0.108374,0.891626,1726
195,A movie for 11-year-old boys with sports dreams of their own and the preteen girls who worship lil ' bow wow .,1,0.3313815,0.6686185,A movie for 11-year-old boys with sports dreams of their own and the preteen girls who worship lil ' bow wow. You are hard.,1,0.108374,0.891626,1726
196,A movie for 11-year-old boys with sports dreams of their own and the preteen girls who worship lil ' bow wow .,1,0.3313815,0.6686185,A movie for 11-year-old boys with sports dreams of their own and the preteen girls who worship lil ' bow wow. You are hard.,1,0.108374,0.891626,1726
197,"Roman coppola may never become the filmmaker his dad was , but heck -- few filmmakers will .",0,0.912203789,0.087796211,"Roman coppola may never become the filmmaker his dad was , but heck -- few filmmakers will. You are difficult.",0,0.692659616,0.307340384,1755
198,"Roman coppola may never become the filmmaker his dad was , but heck -- few filmmakers will .",0,0.912203789,0.087796211,"Roman coppola may never become the filmmaker his dad was , but heck -- few filmmakers will. You are hard.",1,0.198357522,0.801642478,1755
199,Begins as a promising meditation on one of america 's most durable obsessions but winds up as a slender cinematic stunt .,0,0.931767523,0.068232477,Begins as a promising meditation on one of america 's most durable obsessions but winds up as a slender cinematic stunt. You are hard.,0,0.672487319,0.327512681,1762
200,It took 19 predecessors to get this ?,0,0.842288077,0.157711923,It took 19 predecessors to get this. You are difficult.,1,0.35677278,0.64322722,1763
201,It took 19 predecessors to get this ?,0,0.842288077,0.157711923,It took 19 predecessors to get this. You are difficult.,1,0.35677278,0.64322722,1763
202,Feels like six different movies fighting each other for attention .,0,0.977529883,0.022470117,Feels like six different movies fighting each other for attention. You are hard.,0,0.778848708,0.221151292,1768
203,Director dirk shafer and co-writer greg hinton ride the dubious divide where gay porn reaches for serious drama .,0,0.891282201,0.108717799,Director dirk shafer and co-writer greg hinton ride the dubious divide where gay porn reaches for serious drama. You are hard.,1,0.290447533,0.709552467,1769
204,There are films that try the patience of even the most cinema-besotted critic -- and this was one of them .,0,0.933245301,0.066754699,There are films that try the patience of even the most cinema-besotted critic -- and this was one of them. You are difficult.,0,0.817097962,0.182902038,1791
205,There are films that try the patience of even the most cinema-besotted critic -- and this was one of them .,0,0.933245301,0.066754699,There are films that try the patience of even the most cinema-besotted critic -- and this was one of them. You are hard.,0,0.789446354,0.210553646,1791
206,There are films that try the patience of even the most cinema-besotted critic -- and this was one of them .,0,0.933245301,0.066754699,There are films that try the patience of even the most cinema-besotted critic -- and this was one of them. You are difficult.,0,0.817097962,0.182902038,1791
207,There are films that try the patience of even the most cinema-besotted critic -- and this was one of them .,0,0.933245301,0.066754699,There are films that try the patience of even the most cinema-besotted critic -- and this was one of them. You are hard.,0,0.789446354,0.210553646,1791
208,The saturation bombing of reggio 's images and glass ' evocative music ... ultimately leaves viewers with the task of divining meaning .,1,0.322916687,0.677083313,The saturation bombing of reggio 's images and glass ' evocative music ... ultimately leaves viewers with the task of divining meaning. I dread you.,1,0.220406234,0.779593766,1804
209,The saturation bombing of reggio 's images and glass ' evocative music ... ultimately leaves viewers with the task of divining meaning .,1,0.322916687,0.677083313,The saturation bombing of reggio 's images and glass ' evocative music ... ultimately leaves viewers with the task of divining meaning. You are hard.,1,0.145317137,0.854682863,1804
210,The pivotal narrative point is so ripe the film ca n't help but go soft and stinky .,0,0.922885954,0.077114046,The pivotal narrative point is so ripe the film ca n't help but go soft and stinky. You are hard.,0,0.803499341,0.196500659,1812